--
-- Dumping data for table `banners`
--
TRUNCATE `banners`;
INSERT INTO `banners` (`banners_id`, `banners_title`, `banners_url`, `banners_image`, `banners_group`, `banners_html_text`, `expires_impressions`, `expires_date`, `date_scheduled`, `date_added`, `date_status_change`, `status`, `type`, `banners_slug`, `created_at`, `updated_at`, `languages_id`) VALUES
(1, 'Banner 1', '6', '9', '', NULL, 0, '2020-07-23 00:00:00', NULL, '2020-04-05 01:10:00', NULL, 1, 'category', '', '2019-09-23 10:53:34', NULL,'1'),
(2, 'Banner 2', '4', '11', '', NULL, 0, '2020-06-02 00:00:00', NULL, '2020-04-05 01:10:00', NULL, 1, 'category', '', '2019-09-23 10:53:58', NULL,'2');


-- --------------------------------------------------------

--
-- Dumping data for table `categories`
--
TRUNCATE `categories`;

INSERT INTO `categories` (`categories_id`, `categories_image`, `categories_icon`, `parent_id`, `sort_order`, `date_added`, `last_modified`, `categories_slug`, `categories_status`, `created_at`, `updated_at`) VALUES
(1, '258', '257', 0, NULL, NULL, NULL, 'men-s', 1, '2019-09-19 08:08:12', '2019-10-01 10:57:00'),
(2, '260', '259', 0, NULL, NULL, NULL, 'women-s', 1, '2019-09-19 08:10:26', '2019-10-01 10:57:26'),
(3, '262', '261', 0, NULL, NULL, NULL, 'kid-s', 1, '2019-09-19 08:10:47', '2019-10-01 10:58:48'),
(4, '263', '264', 3, NULL, NULL, NULL, 'boy-s-clothing', 1, '2019-09-19 08:12:48', '2019-10-01 10:59:13'),
(5, '266', '265', 3, NULL, NULL, NULL, 'girl-s-clothing', 1, '2019-09-19 08:13:12', '2019-10-01 10:59:46'),
(6, '268', '267', 3, NULL, NULL, NULL, 'kid-s-shoes', 1, '2019-09-19 08:13:52', '2019-10-01 11:00:09'),
(7, '270', '269', 1, NULL, NULL, NULL, 'men-s-accessories', 1, '2019-09-19 08:18:22', '2019-10-01 11:00:34'),
(8, '272', '271', 1, NULL, NULL, NULL, 'men-s-jeans', 1, '2019-09-19 08:19:14', '2019-10-01 11:00:46'),
(9, '274', '273', 1, NULL, NULL, NULL, 'men-s-shirts', 1, '2019-09-19 08:20:19', '2019-10-01 11:01:17'),
(10, '276', '275', 1, NULL, NULL, NULL, 'men-s-shoes', 1, '2019-09-19 08:20:38', '2019-10-01 11:01:27'),
(11, '278', '277', 2, NULL, NULL, NULL, 'women-s-accessories', 1, '2019-09-19 08:30:13', '2019-10-01 11:01:57'),
(12, '279', '280', 2, NULL, NULL, NULL, 'women-s-bottoms', 1, '2019-09-19 08:30:45', '2019-10-01 11:02:10'),
(13, '282', '281', 2, NULL, NULL, NULL, 'women-s-tops', 1, '2019-09-19 08:31:30', '2019-10-01 11:02:39'),
(14, '284', '283', 2, NULL, NULL, NULL, 'women-s-winter-wear', 1, '2019-09-19 08:31:54', '2019-10-01 11:02:50'),
(15, '286', '285', 2, NULL, NULL, NULL, 'women-s-shoes', 1, '2019-09-19 08:32:17', '2019-10-01 11:03:12'),
(16, '426', '425', 0, NULL, NULL, NULL, 'house-hold', 1, '2019-09-25 11:29:59', '2019-10-01 11:03:24'),
(17, '6', '7', 16, NULL, NULL, NULL, 'house-hold-1', 1, '2020-03-20 11:37:49', NULL),
(18, '6', '7', 17, NULL, NULL, NULL, 'house-hold-1-1', 1, '2020-03-20 11:38:35', NULL),
(19, '6', '7', 18, NULL, NULL, NULL, 'house-hold-1-1-1', 1, '2020-03-20 11:39:19', NULL);

-- --------------------------------------------------------

--
-- Dumping data for table `categories_description`
--
TRUNCATE `categories_description`;

INSERT INTO `categories_description` (`categories_description_id`, `categories_id`, `language_id`, `categories_name`) VALUES
(1, 1, 1, 'Mens'),
(2, 2, 1, 'Womens'),
(3, 3, 1, 'Kids'),
(4, 4, 1, 'Boys Clothing'),
(5, 5, 1, 'Girls Clothing'),
(6, 6, 1, 'Kids Shoes'),
(7, 7, 1, 'Mens Accessories'),
(8, 8, 1, 'Mens Jeans'),
(9, 9, 1, 'Mens Shirts'),
(10, 10, 1, 'Mens Shoes'),
(11, 11, 1, 'Womens Accessories'),
(12, 12, 1, 'Womens Bottoms'),
(13, 13, 1, 'Womens Tops'),
(14, 14, 1, 'Womens Winter Wear'),
(15, 15, 1, 'Womens Shoes'),
(16, 16, 1, 'House Hold'),
(17, 1, 4, 'ملك الرجال'),
(18, 2, 4, 'للنساء'),
(19, 3, 4, 'أطفال'),
(20, 4, 4, 'ملابس الصبي'),
(21, 5, 4, 'ملابس الفتاة'),
(22, 6, 4, 'أحذية الأطفال'),
(23, 7, 4, 'اكسسوارات رجالية'),
(24, 8, 4, 'جينز للرجال'),
(25, 9, 4, 'قمصان رجالية'),
(26, 10, 4, 'احذية رجالية'),
(27, 11, 4, 'اكسسوارات نسائية'),
(28, 12, 4, 'قيعان النساء'),
(29, 13, 4, 'قمم المرأة'),
(30, 14, 4, 'ملابس الشتاء للمرأة'),
(31, 15, 4, 'أحذية المرأة'),
(32, 16, 4, 'منزل عقد'),
(33, 17, 1, 'House Hold 1'),
(34, 17, 4, 'House Hold 1'),
(35, 18, 1, 'House Hold 1.1'),
(36, 18, 4, 'House Hold 1.1'),
(37, 19, 1, 'House Hold 1.1.1'),
(38, 19, 4, 'House Hold 1.1.1');

-- --------------------------------------------------------

--
-- Dumping data for table `constant_banners`
--
TRUNCATE `constant_banners`;

INSERT INTO `constant_banners` (`banners_id`, `banners_title`, `banners_url`, `banners_image`, `date_added`, `status`, `languages_id`, `type`) VALUES
(1, '1', '/shop', '14', '2020-04-01 15:01:56', 1, 1, '1'),
(2, '2', '/shop', '15', '2020-04-01 15:03:34', 1, 1, '2'),
(3, 'banner1', '/shop', '444', '2019-09-08 18:43:34', 1, 1, '3'),
(4, 'banner1', '/shop', '445', '2019-09-08 18:43:42', 1, 1, '4'),
(5, 'banner1', '/shop', '446', '2019-09-08 18:44:15', 1, 1, '5'),
(6, 'banner2_3_4', '/shop', '28', '2019-09-10 08:50:55', 1, 1, '6'),
(7, 'banner2_3_4', '/shop', '29', '2019-09-10 08:54:18', 1, 1, '7'),
(8, 'banner2_3_4', '/shop', '30', '2019-09-10 08:54:28', 1, 1, '8'),
(9, 'banner2_3_4', '/shop', '31', '2019-09-10 08:54:38', 1, 1, '9'),
(10, 'banner5_6', '/shop', '32', '2019-09-10 09:31:13', 1, 1, '10'),
(11, 'banner5_6', '/shop', '33', '2019-09-10 09:31:24', 1, 1, '11'),
(12, 'banner5_6', '/shop', '34', '2019-09-10 09:31:35', 1, 1, '12'),
(13, 'banner5_6', '/shop', '35', '2019-09-10 09:32:18', 1, 1, '13'),
(14, 'banner5_6', '/shop', '36', '2019-09-10 09:32:28', 1, 1, '14'),
(15, 'banner7_8', '/shop', '38', '2019-09-10 09:52:02', 1, 1, '15'),
(16, 'banner7_8', '/shop', '37', '2019-09-10 09:52:29', 1, 1, '16'),
(17, 'banner7_8', '/shop', '39', '2019-09-10 09:47:56', 1, 1, '17'),
(18, 'banner7_8', '/shop', '40', '2019-09-10 09:48:05', 1, 1, '18'),
(19, 'banner9', '/shop', '41', '2019-09-10 10:19:03', 1, 1, '19'),
(20, 'banner9', '/shop', '42', '2019-09-10 10:19:13', 1, 1, '20'),
(21, 'banner10_11_12', '/shop', '44', '2019-09-10 10:26:12', 1, 1, '21'),
(22, 'banner10_11_12', '/shop', '43', '2019-09-10 10:26:30', 1, 1, '22'),
(23, 'banner10_11_12', '/shop', '45', '2019-09-10 10:26:41', 1, 1, '23'),
(24, 'banner10_11_12', '/shop', '46', '2019-09-10 10:26:54', 1, 1, '24'),
(25, 'banner13_14_15', '/shop', '47', '2019-09-10 11:01:09', 1, 1, '25'),
(26, 'banner13_14_15', '/shop', '48', '2019-09-10 11:01:27', 1, 1, '26'),
(27, 'banner13_14_15', '/shop', '49', '2019-09-10 11:02:12', 1, 1, '27'),
(28, 'banner13_14_15', '/shop', '536', '2019-09-10 11:02:23', 1, 1, '28'),
(29, 'banner13_14_15', '/shop', '51', '2019-09-10 11:02:36', 1, 1, '29'),
(30, 'banner16_17', '/shop', '52', '2019-09-10 11:19:45', 1, 1, '30'),
(31, 'banner16_17', '/shop', '53', '2019-09-10 11:19:58', 1, 1, '31'),
(32, 'banner16_17', '/shop', '54', '2019-09-10 11:21:00', 1, 1, '32'),
(33, 'banner18_19', '/shop', '55', '2019-09-10 11:30:35', 1, 1, '33'),
(34, 'banner18_19', '/shop', '56', '2019-09-10 11:30:49', 1, 1, '34'),
(35, 'banner18_19', '/shop', '57', '2019-09-10 11:31:04', 1, 1, '35'),
(36, 'banner18_19', '/shop', '58', '2019-09-10 11:31:20', 1, 1, '36'),
(37, 'banner18_19', '/shop', '59', '2019-09-10 11:31:54', 1, 1, '37'),
(38, 'banner18_19', '/shop', '60', '2019-09-10 11:32:06', 1, 1, '38'),
(39, 'ad_banner1', '/shop', '13', '2019-09-11 06:17:45', 1, 1, '39'),
(40, 'ad_banner2', '/shop', '12', '2019-09-11 06:17:58', 1, 1, '40'),
(41, 'style0', '/shop', '484', '2019-09-26 08:09:15', 1, 4, '1'),
(42, 'style0', '/shop', '531', '2019-09-08 18:43:25', 1, 4, '2'),
(43, 'banner1', '/shop', '444', '2019-09-08 18:43:34', 1, 4, '3'),
(44, 'banner1', '/shop', '445', '2019-09-08 18:43:42', 1, 4, '4'),
(45, 'banner1', '/shop', '446', '2019-09-08 18:44:15', 1, 4, '5'),
(46, 'banner2_3_4', '/shop', '499', '2019-09-10 08:50:55', 1, 4, '6'),
(47, 'banner2_3_4', '/shop', '500', '2019-09-10 08:54:18', 1, 4, '7'),
(48, 'banner2_3_4', '/shop', '501', '2019-09-10 08:54:28', 1, 4, '8'),
(49, 'banner2_3_4', '/shop', '502', '2019-09-10 08:54:38', 1, 4, '9'),
(50, 'banner5_6', '/shop', '503', '2019-09-10 09:31:13', 1, 4, '10'),
(51, 'banner5_6', '/shop', '504', '2019-09-10 09:31:24', 1, 4, '11'),
(52, 'banner5_6', '/shop', '505', '2019-09-10 09:31:35', 1, 4, '12'),
(53, 'banner5_6', '/shop', '506', '2019-09-10 09:32:18', 1, 4, '13'),
(54, 'banner5_6', '/shop', '507', '2019-09-10 09:32:28', 1, 4, '14'),
(55, 'banner7_8', '/shop', '509', '2019-09-10 09:52:02', 1, 4, '15'),
(56, 'banner7_8', '/shop', '508', '2019-09-10 09:52:29', 1, 4, '16'),
(57, 'banner7_8', '/shop', '510', '2019-09-10 09:47:56', 1, 4, '17'),
(58, 'banner7_8', '/shop', '511', '2019-09-10 09:48:05', 1, 4, '18'),
(59, 'banner9', '/shop', '512', '2019-09-10 10:19:03', 1, 4, '19'),
(60, 'banner9', '/shop', '513', '2019-09-10 10:19:13', 1, 4, '20'),
(61, 'banner10_11_12', '/shop', '515', '2019-09-10 10:26:12', 1, 4, '21'),
(62, 'banner10_11_12', '/shop', '514', '2019-09-10 10:26:30', 1, 4, '22'),
(63, 'banner10_11_12', '/shop', '517', '2019-09-10 10:26:41', 1, 4, '23'),
(64, 'banner10_11_12', '/shop', '516', '2019-09-10 10:26:54', 1, 4, '24'),
(65, 'banner13_14_15', '/shop', '519', '2019-09-10 11:01:09', 1, 4, '25'),
(66, 'banner13_14_15', '/shop', '518', '2019-09-10 11:01:27', 1, 4, '26'),
(67, 'banner13_14_15', '/shop', '520', '2019-09-10 11:02:12', 1, 4, '27'),
(68, 'banner13_14_15', '/shop', '521', '2019-09-10 11:02:23', 1, 4, '28'),
(69, 'banner13_14_15', '/shop', '522', '2019-09-10 11:02:36', 1, 4, '29'),
(70, 'banner16_17', '/shop', '496', '2019-09-10 11:19:45', 1, 4, '30'),
(71, 'banner16_17', '/shop', '497', '2019-09-10 11:19:58', 1, 4, '31'),
(72, 'banner16_17', '/shop', '498', '2019-09-10 11:21:00', 1, 4, '32'),
(73, 'banner18_19', '/shop', '523', '2019-09-10 11:30:35', 1, 4, '33'),
(74, 'banner18_19', '/shop', '524', '2019-09-10 11:30:49', 1, 4, '34'),
(75, 'banner18_19', '/shop', '526', '2019-09-10 11:31:04', 1, 4, '35'),
(76, 'banner18_19', '/shop', '525', '2019-09-10 11:31:20', 1, 4, '36'),
(77, 'banner18_19', '/shop', '527', '2019-09-10 11:31:54', 1, 4, '37'),
(78, 'banner18_19', '/shop', '528', '2019-09-10 11:32:06', 1, 4, '38'),
(79, 'ad_banner1', '/shop', '530', '2019-09-11 06:17:45', 1, 4, '39'),
(80, 'ad_banner2', '/shop', '529', '2019-09-11 06:17:58', 1, 4, '40'),
(81, 'ad_banner3', '/shop', '12', '2020-02-26 02:10:11', 1, 1, '41'),
(82, 'ad_banner3', '/shop', '107', '2020-02-26 04:08:08', 1, 2, '41');

-- --------------------------------------------------------



--
-- Dumping data for table `home_banners`
--
TRUNCATE `home_banners`;

INSERT INTO `home_banners` (`home_banners_id`, `banner_name`, `language_id`, `text`, `image`, `created_at`, `updated_at`) VALUES
('1', 'banners_1', 1, '<div class=\\\"parallax-banner-text\\\">\r\n        <h2> SNEAKER</h2>\r\n        <h4>Couples Footwear</h4>\r\n        <div class=\\\"hover-link\\\">\r\n          <a href=\\\"/shop\\\" class=\\\"btn btn-secondary swipe-to-top\\\" data-toggle=\\\"tooltip\\\" data-placement=\\\"bottom\\\" title=\\\"\\\" data-original-title=\\\"View All Range\\\">View All Range</a>\r\n        </div>  \r\n      </div>', 13, '2020-04-02 11:51:35', '2020-04-02 11:51:35'),
('2', 'banners_2', 1, '<div class=\\\"parallax-banner-text\\\">\r\n        <h2> TRENDING</h2>\r\n        <h4>Fashion Wear</h4>\r\n        <div class=\\\"hover-link\\\">\r\n          <a href=\\\"/shop\\\" class=\\\"btn btn-secondary swipe-to-top\\\" data-toggle=\\\"tooltip\\\" data-placement=\\\"bottom\\\" title=\\\"\\\" data-original-title=\\\"View All Range\\\">View All Range</a>\r\n        </div>  \r\n      </div>', 12, '2020-04-02 11:51:35', '2020-04-02 11:51:35'),
('3', 'banners_3', 1, '<div class=\\\"parallax-banner-text\\\">\r\n        <h2> BIG SALE</h2>\r\n        <h4>Women Clothing</h4>\r\n        <div class=\\\"hover-link\\\">\r\n          <a href=\\\"/shop\\\" class=\\\"btn btn-secondary swipe-to-top\\\" data-toggle=\\\"tooltip\\\" data-placement=\\\"bottom\\\" title=\\\"\\\" data-original-title=\\\"Shop Now\\\">Shop Now</a>\r\n        </div>  \r\n      </div>', 539, '2020-04-02 11:51:35', '2020-04-02 11:51:35'),
('4', 'banners_1', 4, '<div class=\\\"parallax-banner-text\\\">\r\n        <h2> حذاء رياضة</h2>\r\n        <h4>أحذية الأزواج</h4>\r\n        <div class=\\\"hover-link\\\">\r\n          <a href=\\\"/shop\\\" class=\\\"btn btn-secondary swipe-to-top\\\" data-toggle=\\\"tooltip\\\" data-placement=\\\"bottom\\\" title=\\\"\\\" data-original-title=\\\"\\\">عرض كل المدى</a>\r\n        </div>  \r\n      </div>', 13, '2020-04-02 11:51:35', '2020-04-02 11:51:35'),
('5', 'banners_2', 4, '<div class=\\\"parallax-banner-text\\\">\r\n        <h2> حذاء رياضة</h2>\r\n        <h4>أحذية الأزواج</h4>\r\n        <div class=\\\"hover-link\\\">\r\n          <a href=\\\"/shop\\\" class=\\\"btn btn-secondary swipe-to-top\\\" data-toggle=\\\"tooltip\\\" data-placement=\\\"bottom\\\" title=\\\"\\\" data-original-title=\\\"\\\">عرض كل المدى</a>\r\n        </div>  \r\n      </div>', 12, '2020-04-02 11:51:35', '2020-04-02 11:51:35'),
('6', 'banners_3', 4, '<div class=\\\"parallax-banner-text\\\">\r\n        <h2> حذاء رياضة</h2>\r\n        <h4>أحذية الأزواج</h4>\r\n        <div class=\\\"hover-link\\\">\r\n          <a href=\\\"/shop\\\" class=\\\"btn btn-secondary swipe-to-top\\\" data-toggle=\\\"tooltip\\\" data-placement=\\\"bottom\\\" title=\\\"\\\" data-original-title=\\\"\\\">عرض كل المدى</a>\r\n        </div>  \r\n      </div>', 539, '2020-04-02 11:51:35', '2020-04-02 11:51:35');

-- --------------------------------------------------------

--
-- Dumping data for table `images`
--
TRUNCATE `images`;

INSERT INTO `images` (`id`, `name`, `user_id`, `deleted_at`, `created_at`, `updated_at`) VALUES
(1, 'IbHQO10809.jpg', 1, NULL, NULL, NULL),
(3, 'XUF1110211.png', 1, NULL, NULL, NULL),
(4, '0S9Uj10711.png', 1, NULL, NULL, NULL),
(5, '49YbL10411.png', 1, NULL, NULL, NULL),
(6, 'CaFTE08806.png', 1, NULL, NULL, NULL),
(7, 'VMd4l08506.png', 1, NULL, NULL, NULL),
(8, 'VYuRY08406.png', 1, NULL, NULL, NULL),
(9, '6whCt08506.jpg', 1, NULL, NULL, NULL),
(10, 'WJUPV08506.jpg', 1, NULL, NULL, NULL),
(11, 'e7eWv08306.jpg', 1, NULL, NULL, NULL),
(12, 'Yit5K08206.jpg', 1, NULL, NULL, NULL),
(13, 'btHwa08706.jpg', 1, NULL, NULL, NULL),
(14, 'YMYem08206.jpg', 1, NULL, NULL, NULL),
(15, 'UGx6208106.jpg', 1, NULL, NULL, NULL),
(16, 'bxnJY08206.jpg', 1, NULL, NULL, NULL),
(17, 'Lzysd08606.jpg', 1, NULL, NULL, NULL),
(18, 'iOCyM08406.jpg', 1, NULL, NULL, NULL),
(19, 'nKtCS10408.jpg', 1, NULL, NULL, NULL),
(20, '1rpGI10408.jpg', 1, NULL, NULL, NULL),
(21, 'fuZZQ10908.jpg', 1, NULL, NULL, NULL),
(22, 'nFwns10208.jpg', 1, NULL, NULL, NULL),
(23, 'S7egL10508.jpg', 1, NULL, NULL, NULL),
(24, '6HK8810808.jpg', 1, NULL, NULL, NULL),
(25, 'lHhLc10508.jpg', 1, NULL, NULL, NULL),
(26, 'FAQXJ10808.jpg', 1, NULL, NULL, NULL),
(27, 'qeaXb10708.jpg', 1, NULL, NULL, NULL),
(28, 'pc7OR10108.jpg', 1, NULL, NULL, NULL),
(29, '4iGAB10408.jpg', 1, NULL, NULL, NULL),
(30, 'MImPw10908.jpg', 1, NULL, NULL, NULL),
(31, 'X2FFc10408.jpg', 1, NULL, NULL, NULL),
(32, 'RDy6w10209.jpg', 1, NULL, NULL, NULL),
(33, 'BD0pB10609.jpg', 1, NULL, NULL, NULL),
(34, 'TiZmT10609.jpg', 1, NULL, NULL, NULL),
(35, 'gvSzZ10609.jpg', 1, NULL, NULL, NULL),
(36, 'ZskKH10209.jpg', 1, NULL, NULL, NULL),
(37, 'HHMIU10209.jpg', 1, NULL, NULL, NULL),
(38, 'i6m8Y10109.jpg', 1, NULL, NULL, NULL),
(39, 'G5JbM10109.jpg', 1, NULL, NULL, NULL),
(40, 'lDYLZ10109.jpg', 1, NULL, NULL, NULL),
(41, 'a9gid10810.jpg', 1, NULL, NULL, NULL),
(42, 'FBsl810310.jpg', 1, NULL, NULL, NULL),
(43, 'TQHh910310.jpg', 1, NULL, NULL, NULL),
(44, 'KdvHm10610.jpg', 1, NULL, NULL, NULL),
(45, 'CSPTw10810.jpg', 1, NULL, NULL, NULL),
(46, 'w1bCe10710.jpg', 1, NULL, NULL, NULL),
(47, 'Jn03g10811.jpg', 1, NULL, NULL, NULL),
(48, 'UD1eE10411.jpg', 1, NULL, NULL, NULL),
(49, 'nFx9F10711.jpg', 1, NULL, NULL, NULL),
(50, 'ZKyEe10811.jpg', 1, NULL, NULL, NULL),
(51, 'YVab810211.jpg', 1, NULL, NULL, NULL),
(52, 'UJELm10511.jpg', 1, NULL, NULL, NULL),
(53, 'JrqCh10411.jpg', 1, NULL, NULL, NULL),
(54, 'gwULS10411.jpg', 1, NULL, NULL, NULL),
(55, 'PWvbj10711.jpg', 1, NULL, NULL, NULL),
(56, 'mU1fw10111.jpg', 1, NULL, NULL, NULL),
(57, 'sUXLY10711.jpg', 1, NULL, NULL, NULL),
(58, 't2tHr10911.jpg', 1, NULL, NULL, NULL),
(59, 'grG9M10611.jpg', 1, NULL, NULL, NULL),
(60, 'nCUtL10811.jpg', 1, NULL, NULL, NULL),
(61, 'Im3MP10612.jpg', 1, NULL, NULL, NULL),
(62, 'L2KRw10412.jpg', 1, NULL, NULL, NULL),
(63, 'bfwnd10612.jpg', 1, NULL, NULL, NULL),
(64, 'ZGVQ310912.png', 1, NULL, NULL, NULL),
(65, 'IVJos10612.png', 1, NULL, NULL, NULL),
(66, 'K0RzI10912.png', 1, NULL, NULL, NULL),
(67, 'GMndX10212.png', 1, NULL, NULL, NULL),
(68, '92UoU10912.png', 1, NULL, NULL, NULL),
(69, 'R913310312.png', 1, NULL, NULL, NULL),
(70, 'Sq0yK10912.png', 1, NULL, NULL, NULL),
(71, 'Ytqae10412.png', 1, NULL, NULL, NULL),
(72, 'A0KBI10412.png', 1, NULL, NULL, NULL),
(73, 'f5l5x10612.png', 1, NULL, NULL, NULL),
(74, 'T5v1s10612.png', 1, NULL, NULL, NULL),
(75, 'nyisU10112.png', 1, NULL, NULL, NULL),
(76, 'UioPp10612.png', 1, NULL, NULL, NULL),
(77, 'Xx8nL10712.png', 1, NULL, NULL, NULL),
(78, 'iKgxC10712.png', 1, NULL, NULL, NULL),
(79, 'IocF910112.png', 1, NULL, NULL, NULL),
(80, 'X3byA10112.png', 1, NULL, NULL, NULL),
(81, '1o0wF10812.png', 1, NULL, NULL, NULL),
(82, 'VODK910712.png', 1, NULL, NULL, NULL),
(257, 'A1S9C19708.png', 1, NULL, NULL, NULL),
(258, 'IhmdY19708.jpg', 1, NULL, NULL, NULL),
(259, '20nV819208.png', 1, NULL, NULL, NULL),
(260, '3DDqm19808.jpg', 1, NULL, NULL, NULL),
(261, 'Ma53619508.png', 1, NULL, NULL, NULL),
(262, '1N5lx19108.jpg', 1, NULL, NULL, NULL),
(263, 'm67vJ19608.jpg', 1, NULL, NULL, NULL),
(264, 'onxBS19208.png', 1, NULL, NULL, NULL),
(265, 'Epkb419908.png', 1, NULL, NULL, NULL),
(266, 'yq7Uj19908.jpg', 1, NULL, NULL, NULL),
(267, '4Cg3c19608.png', 1, NULL, NULL, NULL),
(268, 'cXJMf19808.jpg', 1, NULL, NULL, NULL),
(269, '0hsWz19508.png', 1, NULL, NULL, NULL),
(270, '0PIiD19808.jpg', 1, NULL, NULL, NULL),
(271, 'ldLJf19208.png', 1, NULL, NULL, NULL),
(272, 'jRHM719108.jpg', 1, NULL, NULL, NULL),
(273, 'I1gzM19408.png', 1, NULL, NULL, NULL),
(274, 'JCyV619708.jpg', 1, NULL, NULL, NULL),
(275, 'HVCxT19108.png', 1, NULL, NULL, NULL),
(276, 'PLELY19408.jpg', 1, NULL, NULL, NULL),
(277, 'BoeDL19408.png', 1, NULL, NULL, NULL),
(278, 'CLmuf19708.jpg', 1, NULL, NULL, NULL),
(279, 'ZVy6T19808.jpg', 1, NULL, NULL, NULL),
(280, 'wYb7s19908.png', 1, NULL, NULL, NULL),
(281, 'XdnOS19308.png', 1, NULL, NULL, NULL),
(282, 'jdXhv19208.jpg', 1, NULL, NULL, NULL),
(283, '4LFTq19608.png', 1, NULL, NULL, NULL),
(284, 'KbJoX19608.jpg', 1, NULL, NULL, NULL),
(285, '3YJgr19308.png', 1, NULL, NULL, NULL),
(286, 'sDlxw19408.jpg', 1, NULL, NULL, NULL),
(287, 'LXeLb19908.jpg', 1, NULL, NULL, NULL),
(288, 'uhwNl19708.jpg', 1, NULL, NULL, NULL),
(289, 'A8tpH19408.jpg', 1, NULL, NULL, NULL),
(290, 'i0ux819508.jpg', 1, NULL, NULL, NULL),
(291, 'WqoFo19208.jpg', 1, NULL, NULL, NULL),
(292, 'AHbI419308.jpg', 1, NULL, NULL, NULL),
(293, 'a455C19308.jpg', 1, NULL, NULL, NULL),
(294, 'wPXR419508.jpg', 1, NULL, NULL, NULL),
(295, 'yiOVx19908.jpg', 1, NULL, NULL, NULL),
(296, 'xoOJv19608.jpg', 1, NULL, NULL, NULL),
(297, 'MfQ4H19108.jpg', 1, NULL, NULL, NULL),
(298, 'Ldxgn19609.jpg', 1, NULL, NULL, NULL),
(299, 'EH8cD19409.jpg', 1, NULL, NULL, NULL),
(300, '9j0ay19709.jpg', 1, NULL, NULL, NULL),
(301, 'pCDlz19109.jpg', 1, NULL, NULL, NULL),
(302, '9xygZ19809.jpg', 1, NULL, NULL, NULL),
(303, 'DSMOD19709.jpg', 1, NULL, NULL, NULL),
(304, 'ORnu519309.jpg', 1, NULL, NULL, NULL),
(305, 'aOtwc19909.jpg', 1, NULL, NULL, NULL),
(306, '6YsTj19909.jpg', 1, NULL, NULL, NULL),
(307, 'mXDLS19409.jpg', 1, NULL, NULL, NULL),
(308, 'OT0oU19309.jpg', 1, NULL, NULL, NULL),
(309, 'dgrQM19109.jpg', 1, NULL, NULL, NULL),
(310, 'pwD0319609.jpg', 1, NULL, NULL, NULL),
(311, 'toR1u19909.jpg', 1, NULL, NULL, NULL),
(312, 'DkrSs19810.jpg', 1, NULL, NULL, NULL),
(313, 'g6Owy19810.jpg', 1, NULL, NULL, NULL),
(314, 'KnBr519710.jpg', 1, NULL, NULL, NULL),
(315, 'TWvJK19410.jpg', 1, NULL, NULL, NULL),
(316, '7LsVG19310.jpg', 1, NULL, NULL, NULL),
(317, 'YLMOh19210.jpg', 1, NULL, NULL, NULL),
(318, '0kXac19210.jpg', 1, NULL, NULL, NULL),
(319, 'tJqpf19810.jpg', 1, NULL, NULL, NULL),
(320, 'WCd6y19910.jpg', 1, NULL, NULL, NULL),
(321, 'O4Zbk19710.jpg', 1, NULL, NULL, NULL),
(322, 'JUSJa19210.jpg', 1, NULL, NULL, NULL),
(323, 'n4Gmy19810.jpg', 1, NULL, NULL, NULL),
(324, '8mjRf19210.jpg', 1, NULL, NULL, NULL),
(325, 'I4Pux19210.jpg', 1, NULL, NULL, NULL),
(326, '0sKGd19310.jpg', 1, NULL, NULL, NULL),
(327, 'l1xuY19110.jpg', 1, NULL, NULL, NULL),
(328, '9LpEr19110.jpg', 1, NULL, NULL, NULL),
(329, 'nsvRx19410.jpg', 1, NULL, NULL, NULL),
(330, '7n3HJ19410.jpg', 1, NULL, NULL, NULL),
(331, 'vx6QW19610.jpg', 1, NULL, NULL, NULL),
(332, 'e8tKu19210.jpg', 1, NULL, NULL, NULL),
(333, 'iDMNz19310.jpg', 1, NULL, NULL, NULL),
(334, 'doDBr19210.jpg', 1, NULL, NULL, NULL),
(335, 'b4lEc19910.jpg', 1, NULL, NULL, NULL),
(336, 'Xwlth19610.jpg', 1, NULL, NULL, NULL),
(337, 'luQnk19210.jpg', 1, NULL, NULL, NULL),
(338, '6h8UU19710.jpg', 1, NULL, NULL, NULL),
(339, 'viEGg19911.jpg', 1, NULL, NULL, NULL),
(340, '2Ggn319911.jpg', 1, NULL, NULL, NULL),
(341, 'm0yNj19911.jpg', 1, NULL, NULL, NULL),
(342, 'Dzd2519111.jpg', 1, NULL, NULL, NULL),
(343, '1ig7319811.jpg', 1, NULL, NULL, NULL),
(344, 'iTQ7j19211.jpg', 1, NULL, NULL, NULL),
(345, 'TSTeu19611.jpg', 1, NULL, NULL, NULL),
(346, '72L9l19911.jpg', 1, NULL, NULL, NULL),
(347, 'mWix319411.jpg', 1, NULL, NULL, NULL),
(348, 'hi3PN19511.jpg', 1, NULL, NULL, NULL),
(349, 'i8sDd19911.jpg', 1, NULL, NULL, NULL),
(350, 'phUDg19511.jpg', 1, NULL, NULL, NULL),
(351, '3jHHY19511.jpg', 1, NULL, NULL, NULL),
(352, '9fyvN19411.jpg', 1, NULL, NULL, NULL),
(353, 'HxGza19611.jpg', 1, NULL, NULL, NULL),
(354, 'nJ44l19411.jpg', 1, NULL, NULL, NULL),
(355, 'nQlqE19511.jpg', 1, NULL, NULL, NULL),
(356, 'swNSy19911.jpg', 1, NULL, NULL, NULL),
(357, 'sMdMm19611.jpg', 1, NULL, NULL, NULL),
(358, 'mr5Yt19211.jpg', 1, NULL, NULL, NULL),
(359, 'cbPj519211.jpg', 1, NULL, NULL, NULL),
(360, 'csgAQ19111.jpg', 1, NULL, NULL, NULL),
(361, 'rfEnb19911.jpg', 1, NULL, NULL, NULL),
(362, '52rY219211.jpg', 1, NULL, NULL, NULL),
(363, 'YvzxH19111.jpg', 1, NULL, NULL, NULL),
(364, '36jAr19511.jpg', 1, NULL, NULL, NULL),
(365, '0Ygma19611.jpg', 1, NULL, NULL, NULL),
(366, 'z3bmL19111.jpg', 1, NULL, NULL, NULL),
(367, 'yPQ6h19111.jpg', 1, NULL, NULL, NULL),
(368, 'I8Kak19711.jpg', 1, NULL, NULL, NULL),
(369, '3P1Yv19211.jpg', 1, NULL, NULL, NULL),
(370, 'FMst219511.jpg', 1, NULL, NULL, NULL),
(371, 'MwDiB19411.jpg', 1, NULL, NULL, NULL),
(372, 'T5YSn19111.jpg', 1, NULL, NULL, NULL),
(373, 'XxPsZ19411.jpg', 1, NULL, NULL, NULL),
(374, 'FCnb919311.jpg', 1, NULL, NULL, NULL),
(375, 'j7Tq119211.jpg', 1, NULL, NULL, NULL),
(376, '2WDAU19811.jpg', 1, NULL, NULL, NULL),
(377, 'JoP4W19611.jpg', 1, NULL, NULL, NULL),
(378, '3MBuE19511.jpg', 1, NULL, NULL, NULL),
(379, '3Z4tF19611.jpg', 1, NULL, NULL, NULL),
(380, 'boehz19211.jpg', 1, NULL, NULL, NULL),
(381, 'nb2iB19311.jpg', 1, NULL, NULL, NULL),
(382, 'N9rcj19811.jpg', 1, NULL, NULL, NULL),
(383, 'qbKF719611.jpg', 1, NULL, NULL, NULL),
(384, 'J2XYc19411.jpg', 1, NULL, NULL, NULL),
(385, 'OAQ7919311.jpg', 1, NULL, NULL, NULL),
(386, 'AHkbG19811.jpg', 1, NULL, NULL, NULL),
(387, 'LRiDA19411.jpg', 1, NULL, NULL, NULL),
(388, 'QWlDN19611.jpg', 1, NULL, NULL, NULL),
(389, 'VEodV19811.jpg', 1, NULL, NULL, NULL),
(390, 'mjyBU19111.jpg', 1, NULL, NULL, NULL),
(391, 'QL8Lj19911.jpg', 1, NULL, NULL, NULL),
(392, 'Ticne19811.jpg', 1, NULL, NULL, NULL),
(393, '1sjR619111.jpg', 1, NULL, NULL, NULL),
(394, 'cv1rs19611.jpg', 1, NULL, NULL, NULL),
(395, 'MVmBl19211.jpg', 1, NULL, NULL, NULL),
(396, 'TLetF19511.jpg', 1, NULL, NULL, NULL),
(397, 'XMnpu19311.jpg', 1, NULL, NULL, NULL),
(398, 'WbV9019511.jpg', 1, NULL, NULL, NULL),
(399, 'U01j519111.jpg', 1, NULL, NULL, NULL),
(400, 'AEP0C19311.jpg', 1, NULL, NULL, NULL),
(401, 'n9FE219911.jpg', 1, NULL, NULL, NULL),
(402, 'CEOYM19611.jpg', 1, NULL, NULL, NULL),
(403, 'VHCwl19811.jpg', 1, NULL, NULL, NULL),
(404, 'dMNk819711.jpg', 1, NULL, NULL, NULL),
(405, '64a7R19711.jpg', 1, NULL, NULL, NULL),
(406, 'v3tvW19111.jpg', 1, NULL, NULL, NULL),
(407, '5PC3y19811.jpg', 1, NULL, NULL, NULL),
(408, 'U3hD619711.jpg', 1, NULL, NULL, NULL),
(409, 'EbCku19411.jpg', 1, NULL, NULL, NULL),
(410, 'kWSbk19511.jpg', 1, NULL, NULL, NULL),
(411, 'LIhLe19311.jpg', 1, NULL, NULL, NULL),
(412, 'K7HHF19111.jpg', 1, NULL, NULL, NULL),
(413, '4sd9A19111.jpg', 1, NULL, NULL, NULL),
(414, 'HmhjH19711.jpg', 1, NULL, NULL, NULL),
(415, 'lCzZV19811.jpg', 1, NULL, NULL, NULL),
(416, 'MgCKq19711.jpg', 1, NULL, NULL, NULL),
(417, 'ol2sB24311.jpg', 1, NULL, NULL, NULL),
(418, 'NySmM24311.jpg', 1, NULL, NULL, NULL),
(419, '5xN6v24411.jpg', 1, NULL, NULL, NULL),
(420, 'CWYQi24511.jpg', 1, NULL, NULL, NULL),
(421, 'laefk24511.jpg', 1, NULL, NULL, NULL),
(422, '6ykQ424511.jpg', 1, NULL, NULL, NULL),
(423, 'BAG2K24312.jpg', 1, NULL, NULL, NULL),
(424, 'wG9GE24612.jpg', 1, NULL, NULL, NULL),
(425, 'iRgnE25611.png', 1, NULL, NULL, NULL),
(426, 'ifpU725811.jpg', 1, NULL, NULL, NULL),
(427, 'rzdmu25612.png', 1, NULL, NULL, NULL),
(428, 'uNZd125612.png', 1, NULL, NULL, NULL),
(430, 'blSUS27710.jpg', 1, NULL, NULL, NULL),
(431, 'vURED27710.jpg', 1, NULL, NULL, NULL),
(432, 'Ft15D27610.jpg', 1, NULL, NULL, NULL),
(433, 'ILNqR27110.jpg', 1, NULL, NULL, NULL),
(434, 'oSENw27310.jpg', 1, NULL, NULL, NULL),
(435, 'g96za27410.jpg', 1, NULL, NULL, NULL),
(436, 'yVA2Q27110.jpg', 1, NULL, NULL, NULL),
(437, 'vDsMN27610.jpg', 1, NULL, NULL, NULL),
(438, 'rL6XQ27310.jpg', 1, NULL, NULL, NULL),
(439, 'A1s7V27110.jpg', 1, NULL, NULL, NULL),
(440, 'mo6Yk27410.jpg', 1, NULL, NULL, NULL),
(441, 'cUhfM27110.jpg', 1, NULL, NULL, NULL),
(442, '8EBLr27610.jpg', 1, NULL, NULL, NULL),
(443, 'c449I27810.jpg', 1, NULL, NULL, NULL),
(444, 'reUJM27310.jpg', 1, NULL, NULL, NULL),
(445, 'ciRFe27710.jpg', 1, NULL, NULL, NULL),
(446, '2nx0h27410.jpg', 1, NULL, NULL, NULL),
(447, 'CLA2s27610.jpg', 1, NULL, NULL, NULL),
(448, 'qotAc27710.jpg', 1, NULL, NULL, NULL),
(449, 'souUX27810.jpg', 1, NULL, NULL, NULL),
(450, 'z3Qtc27512.png', 1, NULL, NULL, NULL),
(451, 'y74yW01108.jpg', 1, NULL, NULL, NULL),
(452, 'gTr9301908.jpg', 1, NULL, NULL, NULL),
(453, '4A9AD01801.jpg', 1, NULL, NULL, NULL),
(454, 'ZPmjN01301.jpg', 1, NULL, NULL, NULL),
(455, 'ypwlO01601.jpg', 1, NULL, NULL, NULL),
(456, 'YAaqM01901.jpg', 1, NULL, NULL, NULL),
(457, 'LTvGM01301.jpg', 1, NULL, NULL, NULL),
(458, '8zBL302407.png', 1, NULL, NULL, NULL),
(459, 'kzLG219201.jpg', 1, NULL, NULL, NULL),
(460, '4wDb519601.jpg', 1, NULL, NULL, NULL),
(461, 'roLuh19801.jpg', 1, NULL, NULL, NULL),
(462, '7OI5e19501.jpg', 1, NULL, NULL, NULL),
(463, 'SHVFB19501.jpg', 1, NULL, NULL, NULL),
(464, 'dn1K219901.jpg', 1, NULL, NULL, NULL),
(495, 'jzm9Z19603.jpg', 1, NULL, NULL, NULL),
(494, 'JiDWS19303.jpg', 1, NULL, NULL, NULL),
(493, 'VXmx319303.jpg', 1, NULL, NULL, NULL),
(492, '7zlLI19903.jpg', 1, NULL, NULL, NULL),
(491, 'U361f19603.jpg', 1, NULL, NULL, NULL),
(490, 'IjJ4x19202.jpg', 1, NULL, NULL, NULL),
(489, 'aqK6Q19402.jpg', 1, NULL, NULL, NULL),
(488, 'Apd1i19902.jpg', 1, NULL, NULL, NULL),
(487, 'e8Uh519302.jpg', 1, NULL, NULL, NULL),
(486, 'sQWL719202.jpg', 1, NULL, NULL, NULL),
(485, 'i0UZO19402.jpg', 1, NULL, NULL, NULL),
(484, 'gt4aI19102.jpg', 1, NULL, NULL, NULL),
(483, 'RE0II19402.jpg', 1, NULL, NULL, NULL),
(496, 'ZGQzk20811.jpg', 1, NULL, NULL, NULL),
(497, 'NpNrm20611.jpg', 1, NULL, NULL, NULL),
(498, 'XPgIC20911.jpg', 1, NULL, NULL, NULL),
(499, 'VmtxP20911.jpg', 1, NULL, NULL, NULL),
(500, 'QAdqa20111.jpg', 1, NULL, NULL, NULL),
(501, 'wQGHA20911.jpg', 1, NULL, NULL, NULL),
(502, 'R0yLD20611.jpg', 1, NULL, NULL, NULL),
(503, 'GKLNM20111.jpg', 1, NULL, NULL, NULL),
(504, 'zm4sn20811.jpg', 1, NULL, NULL, NULL),
(505, 'ug42t20411.jpg', 1, NULL, NULL, NULL),
(506, '21hNs20511.jpg', 1, NULL, NULL, NULL),
(507, 'cgm7r20911.jpg', 1, NULL, NULL, NULL),
(508, 'BdrR320111.jpg', 1, NULL, NULL, NULL),
(509, '228jM20511.jpg', 1, NULL, NULL, NULL),
(510, 'L1lXk20111.jpg', 1, NULL, NULL, NULL),
(511, 'GrSV020311.jpg', 1, NULL, NULL, NULL),
(512, 'gOyKf20211.jpg', 1, NULL, NULL, NULL),
(513, 'fj2pW20711.jpg', 1, NULL, NULL, NULL),
(514, '8pXSd20211.jpg', 1, NULL, NULL, NULL),
(515, 'dMGvd20411.jpg', 1, NULL, NULL, NULL),
(516, '6DbzH20711.jpg', 1, NULL, NULL, NULL),
(517, '2lM7y20211.jpg', 1, NULL, NULL, NULL),
(518, 'kgVrx20811.jpg', 1, NULL, NULL, NULL),
(519, 'XCslh20311.jpg', 1, NULL, NULL, NULL),
(520, '9dgQ020511.jpg', 1, NULL, NULL, NULL),
(521, 'pZ1bH20411.jpg', 1, NULL, NULL, NULL),
(522, 'xl9k720411.jpg', 1, NULL, NULL, NULL),
(523, '7cNGq20711.jpg', 1, NULL, NULL, NULL),
(524, 'qcLGW20311.jpg', 1, NULL, NULL, NULL),
(525, 'uatVd20111.jpg', 1, NULL, NULL, NULL),
(526, '2segQ20911.jpg', 1, NULL, NULL, NULL),
(527, 'dbzAF20511.jpg', 1, NULL, NULL, NULL),
(528, 'ruFRW20511.jpg', 1, NULL, NULL, NULL),
(529, '8qJMb20712.jpg', 1, NULL, NULL, NULL),
(530, '4kD3S20412.jpg', 1, NULL, NULL, NULL),
(531, 'FbFX320512.jpg', 1, NULL, NULL, NULL),
(532, 'xv5F720212.jpg', 1, NULL, NULL, NULL),
(533, 'WDeDC20512.jpg', 1, NULL, NULL, NULL),
(534, '287xt20312.jpg', 1, NULL, NULL, NULL),
(535, 'kp7IT19104.jpg', 1, NULL, NULL, NULL),
(536, 'dYoZ120612.jpg', 1, NULL, NULL, NULL),
(537, 'ianfk25812.png', 1, NULL, NULL, NULL),
(538, 'FuDHg25712.png', 1, NULL, NULL, NULL),
(539, '5t74g02911.jpg', 1, NULL, NULL, NULL);

-- --------------------------------------------------------


--
-- Dumping data for table `image_categories`
--
TRUNCATE `image_categories`;

INSERT INTO `image_categories` (`id`, `image_id`, `image_type`, `height`, `width`, `path`, `created_at`, `updated_at`) VALUES
(1, 1, 'ACTUAL', 20, 30, 'images/media/2020/12/IbHQO10809.jpg', NULL, NULL),
(7, 6, 'ACTUAL', 273, 240, 'images/media/2020/12/CaFTE08806.png', NULL, NULL),
(8, 7, 'ACTUAL', 64, 64, 'images/media/2020/12/VMd4l08506.png', NULL, NULL),
(9, 8, 'ACTUAL', 164, 161, 'images/media/2020/12/VYuRY08406.png', NULL, NULL),
(10, 9, 'ACTUAL', 277, 370, 'images/media/2020/12/6whCt08506.jpg', NULL, NULL),
(11, 10, 'ACTUAL', 277, 370, 'images/media/2020/12/WJUPV08506.jpg', NULL, NULL),
(12, 11, 'ACTUAL', 278, 370, 'images/media/2020/12/e7eWv08306.jpg', NULL, NULL),
(13, 12, 'ACTUAL', 430, 1599, 'images/media/2020/12/Yit5K08206.jpg', NULL, NULL),
(14, 13, 'ACTUAL', 236, 1171, 'images/media/2020/12/btHwa08706.jpg', NULL, NULL),
(15, 14, 'ACTUAL', 177, 369, 'images/media/2020/12/YMYem08206.jpg', NULL, NULL),
(16, 15, 'ACTUAL', 179, 369, 'images/media/2020/12/UGx6208106.jpg', NULL, NULL),
(17, 16, 'ACTUAL', 418, 833, 'images/media/2020/12/bxnJY08206.jpg', NULL, NULL),
(18, 17, 'ACTUAL', 418, 834, 'images/media/2020/12/Lzysd08606.jpg', NULL, NULL),
(19, 18, 'ACTUAL', 418, 834, 'images/media/2020/12/iOCyM08406.jpg', NULL, NULL),
(20, 19, 'ACTUAL', 425, 1600, 'images/media/2020/12/nKtCS10408.jpg', NULL, NULL),
(21, 20, 'ACTUAL', 425, 1600, 'images/media/2020/12/1rpGI10408.jpg', NULL, NULL),
(22, 21, 'ACTUAL', 425, 1600, 'images/media/2020/12/fuZZQ10908.jpg', NULL, NULL),
(23, 22, 'ACTUAL', 421, 1170, 'images/media/2020/12/nFwns10208.jpg', NULL, NULL),
(24, 23, 'ACTUAL', 421, 1170, 'images/media/2020/12/S7egL10508.jpg', NULL, NULL),
(25, 24, 'ACTUAL', 421, 1170, 'images/media/2020/12/6HK8810808.jpg', NULL, NULL),
(26, 25, 'ACTUAL', 418, 833, 'images/media/2020/12/lHhLc10508.jpg', NULL, NULL),
(27, 26, 'ACTUAL', 418, 834, 'images/media/2020/12/FAQXJ10808.jpg', NULL, NULL),
(28, 27, 'ACTUAL', 418, 834, 'images/media/2020/12/qeaXb10708.jpg', NULL, NULL),
(29, 28, 'ACTUAL', 298, 769, 'images/media/2020/12/pc7OR10108.jpg', NULL, NULL),
(30, 29, 'ACTUAL', 548, 370, 'images/media/2020/12/4iGAB10408.jpg', NULL, NULL),
(31, 30, 'ACTUAL', 217, 366, 'images/media/2020/12/MImPw10908.jpg', NULL, NULL),
(32, 31, 'ACTUAL', 217, 366, 'images/media/2020/12/X2FFc10408.jpg', NULL, NULL),
(33, 32, 'ACTUAL', 228, 269, 'images/media/2020/12/RDy6w10209.jpg', NULL, NULL),
(34, 33, 'ACTUAL', 228, 269, 'images/media/2020/12/BD0pB10609.jpg', NULL, NULL),
(35, 34, 'ACTUAL', 228, 268, 'images/media/2020/12/TiZmT10609.jpg', NULL, NULL),
(36, 35, 'ACTUAL', 229, 269, 'images/media/2020/12/gvSzZ10609.jpg', NULL, NULL),
(37, 36, 'ACTUAL', 489, 569, 'images/media/2020/12/ZskKH10209.jpg', NULL, NULL),
(38, 37, 'ACTUAL', 211, 270, 'images/media/2020/12/HHMIU10209.jpg', NULL, NULL),
(39, 38, 'ACTUAL', 452, 571, 'images/media/2020/12/i6m8Y10109.jpg', NULL, NULL),
(40, 39, 'ACTUAL', 211, 270, 'images/media/2020/12/G5JbM10109.jpg', NULL, NULL),
(41, 40, 'ACTUAL', 211, 570, 'images/media/2020/12/lDYLZ10109.jpg', NULL, NULL),
(42, 41, 'ACTUAL', 297, 568, 'images/media/2020/12/a9gid10810.jpg', NULL, NULL),
(43, 42, 'ACTUAL', 298, 567, 'images/media/2020/12/FBsl810310.jpg', NULL, NULL),
(44, 43, 'ACTUAL', 211, 270, 'images/media/2020/12/TQHh910310.jpg', NULL, NULL),
(45, 44, 'ACTUAL', 451, 570, 'images/media/2020/12/KdvHm10610.jpg', NULL, NULL),
(46, 45, 'ACTUAL', 210, 270, 'images/media/2020/12/CSPTw10810.jpg', NULL, NULL),
(47, 46, 'ACTUAL', 451, 270, 'images/media/2020/12/w1bCe10710.jpg', NULL, NULL),
(48, 47, 'ACTUAL', 490, 370, 'images/media/2020/12/Jn03g10811.jpg', NULL, NULL),
(49, 48, 'ACTUAL', 230, 370, 'images/media/2020/12/UD1eE10411.jpg', NULL, NULL),
(50, 49, 'ACTUAL', 230, 370, 'images/media/2020/12/nFx9F10711.jpg', NULL, NULL),
(51, 50, 'ACTUAL', 230, 370, 'images/media/2020/12/ZKyEe10811.jpg', NULL, NULL),
(52, 51, 'ACTUAL', 230, 370, 'images/media/2020/12/YVab810211.jpg', NULL, NULL),
(53, 52, 'ACTUAL', 259, 770, 'images/media/2020/12/UJELm10511.jpg', NULL, NULL),
(54, 53, 'ACTUAL', 258, 770, 'images/media/2020/12/JrqCh10411.jpg', NULL, NULL),
(55, 54, 'ACTUAL', 547, 370, 'images/media/2020/12/gwULS10411.jpg', NULL, NULL),
(56, 55, 'ACTUAL', 208, 465, 'images/media/2020/12/PWvbj10711.jpg', NULL, NULL),
(57, 56, 'ACTUAL', 208, 465, 'images/media/2020/12/mU1fw10111.jpg', NULL, NULL),
(58, 57, 'ACTUAL', 210, 270, 'images/media/2020/12/sUXLY10711.jpg', NULL, NULL),
(59, 58, 'ACTUAL', 210, 270, 'images/media/2020/12/t2tHr10911.jpg', NULL, NULL),
(60, 59, 'ACTUAL', 210, 370, 'images/media/2020/12/grG9M10611.jpg', NULL, NULL),
(61, 60, 'ACTUAL', 210, 370, 'images/media/2020/12/nCUtL10811.jpg', NULL, NULL),
(62, 61, 'ACTUAL', 418, 885, 'images/media/2020/12/Im3MP10612.jpg', NULL, NULL),
(63, 62, 'ACTUAL', 418, 885, 'images/media/2020/12/L2KRw10412.jpg', NULL, NULL),
(64, 63, 'ACTUAL', 418, 885, 'images/media/2020/12/bfwnd10612.jpg', NULL, NULL),
(65, 64, 'ACTUAL', 64, 64, 'images/media/2020/12/ZGVQ310912.png', NULL, NULL),
(66, 65, 'ACTUAL', 64, 64, 'images/media/2020/12/IVJos10612.png', NULL, NULL),
(67, 66, 'ACTUAL', 64, 64, 'images/media/2020/12/K0RzI10912.png', NULL, NULL),
(68, 67, 'ACTUAL', 64, 64, 'images/media/2020/12/GMndX10212.png', NULL, NULL),
(69, 68, 'ACTUAL', 64, 64, 'images/media/2020/12/92UoU10912.png', NULL, NULL),
(70, 69, 'ACTUAL', 64, 64, 'images/media/2020/12/R913310312.png', NULL, NULL),
(71, 70, 'ACTUAL', 64, 64, 'images/media/2020/12/Sq0yK10912.png', NULL, NULL),
(72, 71, 'ACTUAL', 64, 64, 'images/media/2020/12/Ytqae10412.png', NULL, NULL),
(73, 72, 'ACTUAL', 64, 64, 'images/media/2020/12/A0KBI10412.png', NULL, NULL),
(74, 73, 'ACTUAL', 64, 64, 'images/media/2020/12/f5l5x10612.png', NULL, NULL),
(75, 74, 'ACTUAL', 273, 240, 'images/media/2020/12/T5v1s10612.png', NULL, NULL),
(76, 75, 'ACTUAL', 273, 240, 'images/media/2020/12/nyisU10112.png', NULL, NULL),
(77, 76, 'ACTUAL', 273, 240, 'images/media/2020/12/UioPp10612.png', NULL, NULL),
(78, 77, 'ACTUAL', 273, 240, 'images/media/2020/12/Xx8nL10712.png', NULL, NULL),
(79, 78, 'ACTUAL', 273, 240, 'images/media/2020/12/iKgxC10712.png', NULL, NULL),
(80, 79, 'ACTUAL', 273, 240, 'images/media/2020/12/IocF910112.png', NULL, NULL),
(81, 80, 'ACTUAL', 273, 240, 'images/media/2020/12/X3byA10112.png', NULL, NULL),
(82, 81, 'ACTUAL', 273, 240, 'images/media/2020/12/1o0wF10812.png', NULL, NULL),
(83, 82, 'ACTUAL', 273, 240, 'images/media/2020/12/VODK910712.png', NULL, NULL),
(258, 257, 'ACTUAL', 64, 64, 'images/media/2020/12/A1S9C19708.png', NULL, NULL),
(259, 258, 'ACTUAL', 284, 250, 'images/media/2020/12/IhmdY19708.jpg', NULL, NULL),
(260, 259, 'ACTUAL', 64, 64, 'images/media/2020/12/20nV819208.png', NULL, NULL),
(261, 260, 'ACTUAL', 284, 250, 'images/media/2020/12/3DDqm19808.jpg', NULL, NULL),
(262, 261, 'ACTUAL', 64, 64, 'images/media/2020/12/Ma53619508.png', NULL, NULL),
(263, 262, 'ACTUAL', 284, 250, 'images/media/2020/12/1N5lx19108.jpg', NULL, NULL),
(264, 263, 'ACTUAL', 284, 250, 'images/media/2020/12/m67vJ19608.jpg', NULL, NULL),
(265, 264, 'ACTUAL', 64, 64, 'images/media/2020/12/onxBS19208.png', NULL, NULL),
(266, 265, 'ACTUAL', 64, 64, 'images/media/2020/12/Epkb419908.png', NULL, NULL),
(267, 266, 'ACTUAL', 284, 250, 'images/media/2020/12/yq7Uj19908.jpg', NULL, NULL),
(268, 267, 'ACTUAL', 64, 64, 'images/media/2020/12/4Cg3c19608.png', NULL, NULL),
(269, 268, 'ACTUAL', 284, 250, 'images/media/2020/12/cXJMf19808.jpg', NULL, NULL),
(270, 269, 'ACTUAL', 64, 64, 'images/media/2020/12/0hsWz19508.png', NULL, NULL),
(271, 270, 'ACTUAL', 284, 250, 'images/media/2020/12/0PIiD19808.jpg', NULL, NULL),
(272, 271, 'ACTUAL', 64, 64, 'images/media/2020/12/ldLJf19208.png', NULL, NULL),
(273, 272, 'ACTUAL', 284, 250, 'images/media/2020/12/jRHM719108.jpg', NULL, NULL),
(274, 273, 'ACTUAL', 64, 64, 'images/media/2020/12/I1gzM19408.png', NULL, NULL),
(275, 274, 'ACTUAL', 284, 250, 'images/media/2020/12/JCyV619708.jpg', NULL, NULL),
(276, 275, 'ACTUAL', 64, 64, 'images/media/2020/12/HVCxT19108.png', NULL, NULL),
(277, 276, 'ACTUAL', 284, 250, 'images/media/2020/12/PLELY19408.jpg', NULL, NULL),
(278, 277, 'ACTUAL', 64, 64, 'images/media/2020/12/BoeDL19408.png', NULL, NULL),
(279, 278, 'ACTUAL', 284, 250, 'images/media/2020/12/CLmuf19708.jpg', NULL, NULL),
(280, 279, 'ACTUAL', 284, 250, 'images/media/2020/12/ZVy6T19808.jpg', NULL, NULL),
(281, 280, 'ACTUAL', 64, 64, 'images/media/2020/12/wYb7s19908.png', NULL, NULL),
(282, 281, 'ACTUAL', 64, 64, 'images/media/2020/12/XdnOS19308.png', NULL, NULL),
(283, 282, 'ACTUAL', 284, 250, 'images/media/2020/12/jdXhv19208.jpg', NULL, NULL),
(284, 283, 'ACTUAL', 64, 64, 'images/media/2020/12/4LFTq19608.png', NULL, NULL),
(285, 284, 'ACTUAL', 284, 250, 'images/media/2020/12/KbJoX19608.jpg', NULL, NULL),
(286, 285, 'ACTUAL', 64, 64, 'images/media/2020/12/3YJgr19308.png', NULL, NULL),
(287, 286, 'ACTUAL', 284, 250, 'images/media/2020/12/sDlxw19408.jpg', NULL, NULL),
(288, 287, 'ACTUAL', 1024, 1024, 'images/media/2020/12/LXeLb19908.jpg', NULL, NULL),
(289, 288, 'ACTUAL', 1024, 1024, 'images/media/2020/12/uhwNl19708.jpg', NULL, NULL),
(290, 289, 'ACTUAL', 1024, 1024, 'images/media/2020/12/A8tpH19408.jpg', NULL, NULL),
(291, 290, 'ACTUAL', 1024, 1024, 'images/media/2020/12/i0ux819508.jpg', NULL, NULL),
(292, 291, 'ACTUAL', 1024, 1024, 'images/media/2020/12/WqoFo19208.jpg', NULL, NULL),
(293, 292, 'ACTUAL', 1024, 1024, 'images/media/2020/12/AHbI419308.jpg', NULL, NULL),
(294, 293, 'ACTUAL', 1024, 1024, 'images/media/2020/12/a455C19308.jpg', NULL, NULL),
(295, 294, 'ACTUAL', 1024, 1024, 'images/media/2020/12/wPXR419508.jpg', NULL, NULL),
(296, 295, 'ACTUAL', 1024, 1024, 'images/media/2020/12/yiOVx19908.jpg', NULL, NULL),
(297, 296, 'ACTUAL', 1024, 1024, 'images/media/2020/12/xoOJv19608.jpg', NULL, NULL),
(298, 297, 'ACTUAL', 1024, 1024, 'images/media/2020/12/MfQ4H19108.jpg', NULL, NULL),
(299, 298, 'ACTUAL', 1024, 1024, 'images/media/2020/12/Ldxgn19609.jpg', NULL, NULL),
(300, 299, 'ACTUAL', 1024, 1024, 'images/media/2020/12/EH8cD19409.jpg', NULL, NULL),
(301, 300, 'ACTUAL', 1024, 1024, 'images/media/2020/12/9j0ay19709.jpg', NULL, NULL),
(302, 301, 'ACTUAL', 1024, 1024, 'images/media/2020/12/pCDlz19109.jpg', NULL, NULL),
(303, 302, 'ACTUAL', 1024, 1024, 'images/media/2020/12/9xygZ19809.jpg', NULL, NULL),
(304, 303, 'ACTUAL', 1024, 1024, 'images/media/2020/12/DSMOD19709.jpg', NULL, NULL),
(305, 304, 'ACTUAL', 1024, 1024, 'images/media/2020/12/ORnu519309.jpg', NULL, NULL),
(306, 305, 'ACTUAL', 1024, 1024, 'images/media/2020/12/aOtwc19909.jpg', NULL, NULL),
(307, 306, 'ACTUAL', 1024, 1024, 'images/media/2020/12/6YsTj19909.jpg', NULL, NULL),
(308, 307, 'ACTUAL', 1024, 1024, 'images/media/2020/12/mXDLS19409.jpg', NULL, NULL),
(309, 308, 'ACTUAL', 1024, 1024, 'images/media/2020/12/OT0oU19309.jpg', NULL, NULL),
(310, 309, 'ACTUAL', 1024, 1024, 'images/media/2020/12/dgrQM19109.jpg', NULL, NULL),
(311, 310, 'ACTUAL', 1024, 1024, 'images/media/2020/12/pwD0319609.jpg', NULL, NULL),
(312, 311, 'ACTUAL', 1024, 1024, 'images/media/2020/12/toR1u19909.jpg', NULL, NULL),
(313, 312, 'ACTUAL', 1024, 1024, 'images/media/2020/12/DkrSs19810.jpg', NULL, NULL),
(314, 313, 'ACTUAL', 1024, 1024, 'images/media/2020/12/g6Owy19810.jpg', NULL, NULL),
(315, 314, 'ACTUAL', 1024, 1024, 'images/media/2020/12/KnBr519710.jpg', NULL, NULL),
(316, 315, 'ACTUAL', 1024, 1024, 'images/media/2020/12/TWvJK19410.jpg', NULL, NULL),
(317, 316, 'ACTUAL', 1024, 1024, 'images/media/2020/12/7LsVG19310.jpg', NULL, NULL),
(318, 317, 'ACTUAL', 1024, 1024, 'images/media/2020/12/YLMOh19210.jpg', NULL, NULL),
(319, 318, 'ACTUAL', 1024, 1024, 'images/media/2020/12/0kXac19210.jpg', NULL, NULL),
(320, 319, 'ACTUAL', 1024, 1024, 'images/media/2020/12/tJqpf19810.jpg', NULL, NULL),
(321, 320, 'ACTUAL', 1024, 1024, 'images/media/2020/12/WCd6y19910.jpg', NULL, NULL),
(322, 321, 'ACTUAL', 1024, 1024, 'images/media/2020/12/O4Zbk19710.jpg', NULL, NULL),
(323, 322, 'ACTUAL', 1024, 1024, 'images/media/2020/12/JUSJa19210.jpg', NULL, NULL),
(324, 323, 'ACTUAL', 1024, 1024, 'images/media/2020/12/n4Gmy19810.jpg', NULL, NULL),
(325, 324, 'ACTUAL', 1024, 1024, 'images/media/2020/12/8mjRf19210.jpg', NULL, NULL),
(326, 325, 'ACTUAL', 1024, 1024, 'images/media/2020/12/I4Pux19210.jpg', NULL, NULL),
(327, 326, 'ACTUAL', 1024, 1024, 'images/media/2020/12/0sKGd19310.jpg', NULL, NULL),
(328, 327, 'ACTUAL', 1024, 1024, 'images/media/2020/12/l1xuY19110.jpg', NULL, NULL),
(329, 328, 'ACTUAL', 1024, 1024, 'images/media/2020/12/9LpEr19110.jpg', NULL, NULL),
(330, 329, 'ACTUAL', 1024, 1024, 'images/media/2020/12/nsvRx19410.jpg', NULL, NULL),
(331, 330, 'ACTUAL', 1024, 1024, 'images/media/2020/12/7n3HJ19410.jpg', NULL, NULL),
(332, 331, 'ACTUAL', 1024, 1024, 'images/media/2020/12/vx6QW19610.jpg', NULL, NULL),
(333, 332, 'ACTUAL', 1024, 1024, 'images/media/2020/12/e8tKu19210.jpg', NULL, NULL),
(334, 333, 'ACTUAL', 1024, 1024, 'images/media/2020/12/iDMNz19310.jpg', NULL, NULL),
(335, 334, 'ACTUAL', 1024, 1024, 'images/media/2020/12/doDBr19210.jpg', NULL, NULL),
(336, 335, 'ACTUAL', 1024, 1024, 'images/media/2020/12/b4lEc19910.jpg', NULL, NULL),
(337, 336, 'ACTUAL', 1024, 1024, 'images/media/2020/12/Xwlth19610.jpg', NULL, NULL),
(338, 337, 'ACTUAL', 1024, 1024, 'images/media/2020/12/luQnk19210.jpg', NULL, NULL),
(339, 338, 'ACTUAL', 1024, 1024, 'images/media/2020/12/6h8UU19710.jpg', NULL, NULL),
(340, 339, 'ACTUAL', 1024, 1024, 'images/media/2020/12/viEGg19911.jpg', NULL, NULL),
(341, 340, 'ACTUAL', 1024, 1024, 'images/media/2020/12/2Ggn319911.jpg', NULL, NULL),
(342, 341, 'ACTUAL', 1024, 1024, 'images/media/2020/12/m0yNj19911.jpg', NULL, NULL),
(343, 342, 'ACTUAL', 1024, 1024, 'images/media/2020/12/Dzd2519111.jpg', NULL, NULL),
(344, 343, 'ACTUAL', 1024, 1024, 'images/media/2020/12/1ig7319811.jpg', NULL, NULL),
(345, 344, 'ACTUAL', 1024, 1024, 'images/media/2020/12/iTQ7j19211.jpg', NULL, NULL),
(346, 345, 'ACTUAL', 1024, 1024, 'images/media/2020/12/TSTeu19611.jpg', NULL, NULL),
(347, 346, 'ACTUAL', 1024, 1024, 'images/media/2020/12/72L9l19911.jpg', NULL, NULL),
(348, 347, 'ACTUAL', 1024, 1024, 'images/media/2020/12/mWix319411.jpg', NULL, NULL),
(349, 348, 'ACTUAL', 1024, 1024, 'images/media/2020/12/hi3PN19511.jpg', NULL, NULL),
(350, 349, 'ACTUAL', 1024, 1024, 'images/media/2020/12/i8sDd19911.jpg', NULL, NULL),
(351, 350, 'ACTUAL', 1024, 1024, 'images/media/2020/12/phUDg19511.jpg', NULL, NULL),
(352, 351, 'ACTUAL', 1024, 1024, 'images/media/2020/12/3jHHY19511.jpg', NULL, NULL),
(353, 352, 'ACTUAL', 1024, 1024, 'images/media/2020/12/9fyvN19411.jpg', NULL, NULL),
(354, 353, 'ACTUAL', 1024, 1024, 'images/media/2020/12/HxGza19611.jpg', NULL, NULL),
(355, 354, 'ACTUAL', 1024, 1024, 'images/media/2020/12/nJ44l19411.jpg', NULL, NULL),
(356, 355, 'ACTUAL', 1024, 1024, 'images/media/2020/12/nQlqE19511.jpg', NULL, NULL),
(357, 356, 'ACTUAL', 1024, 1024, 'images/media/2020/12/swNSy19911.jpg', NULL, NULL),
(358, 357, 'ACTUAL', 1024, 1024, 'images/media/2020/12/sMdMm19611.jpg', NULL, NULL),
(359, 358, 'ACTUAL', 1024, 1024, 'images/media/2020/12/mr5Yt19211.jpg', NULL, NULL),
(360, 359, 'ACTUAL', 1024, 1024, 'images/media/2020/12/cbPj519211.jpg', NULL, NULL),
(361, 360, 'ACTUAL', 1024, 1024, 'images/media/2020/12/csgAQ19111.jpg', NULL, NULL),
(362, 361, 'ACTUAL', 1024, 1024, 'images/media/2020/12/rfEnb19911.jpg', NULL, NULL),
(363, 362, 'ACTUAL', 1024, 1024, 'images/media/2020/12/52rY219211.jpg', NULL, NULL),
(364, 363, 'ACTUAL', 1024, 1024, 'images/media/2020/12/YvzxH19111.jpg', NULL, NULL),
(365, 364, 'ACTUAL', 1024, 1024, 'images/media/2020/12/36jAr19511.jpg', NULL, NULL),
(366, 365, 'ACTUAL', 1024, 1024, 'images/media/2020/12/0Ygma19611.jpg', NULL, NULL),
(367, 366, 'ACTUAL', 1024, 1024, 'images/media/2020/12/z3bmL19111.jpg', NULL, NULL),
(368, 367, 'ACTUAL', 1024, 1024, 'images/media/2020/12/yPQ6h19111.jpg', NULL, NULL),
(369, 368, 'ACTUAL', 1024, 1024, 'images/media/2020/12/I8Kak19711.jpg', NULL, NULL),
(370, 369, 'ACTUAL', 1024, 1024, 'images/media/2020/12/3P1Yv19211.jpg', NULL, NULL),
(371, 370, 'ACTUAL', 1024, 1024, 'images/media/2020/12/FMst219511.jpg', NULL, NULL),
(372, 371, 'ACTUAL', 1024, 1024, 'images/media/2020/12/MwDiB19411.jpg', NULL, NULL),
(373, 372, 'ACTUAL', 1024, 1024, 'images/media/2020/12/T5YSn19111.jpg', NULL, NULL),
(374, 373, 'ACTUAL', 1024, 1024, 'images/media/2020/12/XxPsZ19411.jpg', NULL, NULL),
(375, 374, 'ACTUAL', 1024, 1024, 'images/media/2020/12/FCnb919311.jpg', NULL, NULL),
(376, 375, 'ACTUAL', 1024, 1024, 'images/media/2020/12/j7Tq119211.jpg', NULL, NULL),
(377, 376, 'ACTUAL', 1024, 1024, 'images/media/2020/12/2WDAU19811.jpg', NULL, NULL),
(378, 377, 'ACTUAL', 1024, 1024, 'images/media/2020/12/JoP4W19611.jpg', NULL, NULL),
(379, 378, 'ACTUAL', 1024, 1024, 'images/media/2020/12/3MBuE19511.jpg', NULL, NULL),
(380, 379, 'ACTUAL', 1024, 1024, 'images/media/2020/12/3Z4tF19611.jpg', NULL, NULL),
(381, 380, 'ACTUAL', 1024, 1024, 'images/media/2020/12/boehz19211.jpg', NULL, NULL),
(382, 381, 'ACTUAL', 1024, 1024, 'images/media/2020/12/nb2iB19311.jpg', NULL, NULL),
(383, 382, 'ACTUAL', 1024, 1024, 'images/media/2020/12/N9rcj19811.jpg', NULL, NULL),
(384, 383, 'ACTUAL', 1024, 1024, 'images/media/2020/12/qbKF719611.jpg', NULL, NULL),
(385, 384, 'ACTUAL', 1024, 1024, 'images/media/2020/12/J2XYc19411.jpg', NULL, NULL),
(386, 385, 'ACTUAL', 1024, 1024, 'images/media/2020/12/OAQ7919311.jpg', NULL, NULL),
(387, 386, 'ACTUAL', 1024, 1024, 'images/media/2020/12/AHkbG19811.jpg', NULL, NULL),
(388, 387, 'ACTUAL', 1024, 1024, 'images/media/2020/12/LRiDA19411.jpg', NULL, NULL),
(389, 388, 'ACTUAL', 1024, 1024, 'images/media/2020/12/QWlDN19611.jpg', NULL, NULL),
(390, 389, 'ACTUAL', 1024, 1024, 'images/media/2020/12/VEodV19811.jpg', NULL, NULL),
(391, 390, 'ACTUAL', 1024, 1024, 'images/media/2020/12/mjyBU19111.jpg', NULL, NULL),
(392, 391, 'ACTUAL', 1024, 1024, 'images/media/2020/12/QL8Lj19911.jpg', NULL, NULL),
(393, 392, 'ACTUAL', 1024, 1024, 'images/media/2020/12/Ticne19811.jpg', NULL, NULL),
(394, 393, 'ACTUAL', 1024, 1024, 'images/media/2020/12/1sjR619111.jpg', NULL, NULL),
(395, 394, 'ACTUAL', 1024, 1024, 'images/media/2020/12/cv1rs19611.jpg', NULL, NULL),
(396, 395, 'ACTUAL', 1024, 1024, 'images/media/2020/12/MVmBl19211.jpg', NULL, NULL),
(397, 396, 'ACTUAL', 1024, 1024, 'images/media/2020/12/TLetF19511.jpg', NULL, NULL),
(398, 397, 'ACTUAL', 1024, 1024, 'images/media/2020/12/XMnpu19311.jpg', NULL, NULL),
(399, 398, 'ACTUAL', 1024, 1024, 'images/media/2020/12/WbV9019511.jpg', NULL, NULL),
(400, 399, 'ACTUAL', 1024, 1024, 'images/media/2020/12/U01j519111.jpg', NULL, NULL),
(401, 400, 'ACTUAL', 1024, 1024, 'images/media/2020/12/AEP0C19311.jpg', NULL, NULL),
(402, 401, 'ACTUAL', 1024, 1024, 'images/media/2020/12/n9FE219911.jpg', NULL, NULL),
(403, 402, 'ACTUAL', 1024, 1024, 'images/media/2020/12/CEOYM19611.jpg', NULL, NULL),
(404, 403, 'ACTUAL', 1024, 1024, 'images/media/2020/12/VHCwl19811.jpg', NULL, NULL),
(405, 404, 'ACTUAL', 1024, 1024, 'images/media/2020/12/dMNk819711.jpg', NULL, NULL),
(406, 405, 'ACTUAL', 1024, 1024, 'images/media/2020/12/64a7R19711.jpg', NULL, NULL),
(407, 406, 'ACTUAL', 1024, 1024, 'images/media/2020/12/v3tvW19111.jpg', NULL, NULL),
(408, 407, 'ACTUAL', 1024, 1024, 'images/media/2020/12/5PC3y19811.jpg', NULL, NULL),
(409, 408, 'ACTUAL', 1024, 1024, 'images/media/2020/12/U3hD619711.jpg', NULL, NULL),
(410, 409, 'ACTUAL', 1024, 1024, 'images/media/2020/12/EbCku19411.jpg', NULL, NULL),
(411, 410, 'ACTUAL', 1024, 1024, 'images/media/2020/12/kWSbk19511.jpg', NULL, NULL),
(412, 411, 'ACTUAL', 1024, 1024, 'images/media/2020/12/LIhLe19311.jpg', NULL, NULL),
(413, 412, 'ACTUAL', 1024, 1024, 'images/media/2020/12/K7HHF19111.jpg', NULL, NULL),
(414, 413, 'ACTUAL', 1024, 1024, 'images/media/2020/12/4sd9A19111.jpg', NULL, NULL),
(415, 414, 'ACTUAL', 1024, 1024, 'images/media/2020/12/HmhjH19711.jpg', NULL, NULL),
(416, 415, 'ACTUAL', 1024, 1024, 'images/media/2020/12/lCzZV19811.jpg', NULL, NULL),
(417, 416, 'ACTUAL', 1024, 1024, 'images/media/2020/12/MgCKq19711.jpg', NULL, NULL),
(418, 417, 'ACTUAL', 1024, 1024, 'images/media/2020/12/ol2sB24311.jpg', NULL, NULL),
(419, 418, 'ACTUAL', 1024, 1024, 'images/media/2020/12/NySmM24311.jpg', NULL, NULL),
(420, 419, 'ACTUAL', 1024, 1024, 'images/media/2020/12/5xN6v24411.jpg', NULL, NULL),
(421, 420, 'ACTUAL', 1024, 1024, 'images/media/2020/12/CWYQi24511.jpg', NULL, NULL),
(422, 421, 'ACTUAL', 1024, 1024, 'images/media/2020/12/laefk24511.jpg', NULL, NULL),
(423, 422, 'ACTUAL', 1024, 1024, 'images/media/2020/12/6ykQ424511.jpg', NULL, NULL),
(424, 423, 'ACTUAL', 1024, 1024, 'images/media/2020/12/BAG2K24312.jpg', NULL, NULL),
(425, 424, 'ACTUAL', 1024, 1024, 'images/media/2020/12/wG9GE24612.jpg', NULL, NULL),
(426, 425, 'ACTUAL', 64, 64, 'images/media/2020/12/iRgnE25611.png', NULL, NULL),
(427, 426, 'ACTUAL', 284, 250, 'images/media/2020/12/ifpU725811.jpg', NULL, NULL),
(428, 427, 'ACTUAL', 768, 1366, 'images/media/2020/12/rzdmu25612.png', NULL, NULL),
(429, 428, 'ACTUAL', 768, 1366, 'images/media/2020/12/uNZd125612.png', NULL, NULL),
(431, 430, 'ACTUAL', 421, 1170, 'images/media/2020/12/blSUS27710.jpg', NULL, NULL),
(432, 431, 'ACTUAL', 421, 1170, 'images/media/2020/12/vURED27710.jpg', NULL, NULL),
(433, 432, 'ACTUAL', 421, 1170, 'images/media/2020/12/Ft15D27610.jpg', NULL, NULL),
(434, 433, 'ACTUAL', 421, 1600, 'images/media/2020/12/ILNqR27110.jpg', NULL, NULL),
(435, 434, 'ACTUAL', 421, 1600, 'images/media/2020/12/oSENw27310.jpg', NULL, NULL),
(436, 435, 'ACTUAL', 421, 1600, 'images/media/2020/12/g96za27410.jpg', NULL, NULL),
(437, 436, 'ACTUAL', 387, 770, 'images/media/2020/12/yVA2Q27110.jpg', NULL, NULL),
(438, 437, 'ACTUAL', 387, 770, 'images/media/2020/12/vDsMN27610.jpg', NULL, NULL),
(439, 438, 'ACTUAL', 387, 770, 'images/media/2020/12/rL6XQ27310.jpg', NULL, NULL),
(440, 439, 'ACTUAL', 418, 885, 'images/media/2020/12/A1s7V27110.jpg', NULL, NULL),
(441, 440, 'ACTUAL', 418, 885, 'images/media/2020/12/mo6Yk27410.jpg', NULL, NULL),
(442, 441, 'ACTUAL', 418, 885, 'images/media/2020/12/cUhfM27110.jpg', NULL, NULL),
(443, 442, 'ACTUAL', 179, 370, 'images/media/2020/12/8EBLr27610.jpg', NULL, NULL),
(444, 443, 'ACTUAL', 179, 370, 'images/media/2020/12/c449I27810.jpg', NULL, NULL),
(445, 444, 'ACTUAL', 277, 370, 'images/media/2020/12/reUJM27310.jpg', NULL, NULL),
(446, 445, 'ACTUAL', 277, 370, 'images/media/2020/12/ciRFe27710.jpg', NULL, NULL),
(447, 446, 'ACTUAL', 277, 370, 'images/media/2020/12/2nx0h27410.jpg', NULL, NULL),
(448, 447, 'ACTUAL', 240, 370, 'images/media/2020/12/CLA2s27610.jpg', NULL, NULL),
(449, 448, 'ACTUAL', 240, 370, 'images/media/2020/12/qotAc27710.jpg', NULL, NULL),
(450, 449, 'ACTUAL', 240, 370, 'images/media/2020/12/souUX27810.jpg', NULL, NULL),
(451, 450, 'ACTUAL', 270, 693, 'images/media/2020/12/z3Qtc27512.png', NULL, NULL),
(452, 451, 'ACTUAL', 446, 728, 'images/media/2020/12/y74yW01108.jpg', NULL, NULL),
(453, 452, 'ACTUAL', 20, 30, 'images/media/2020/12/gTr9301908.jpg', NULL, NULL),
(454, 453, 'ACTUAL', 421, 1600, 'images/media/2020/12/4A9AD01801.jpg', NULL, NULL),
(455, 454, 'ACTUAL', 421, 1600, 'images/media/2020/12/ZPmjN01301.jpg', NULL, NULL),
(456, 455, 'ACTUAL', 421, 1600, 'images/media/2020/12/ypwlO01601.jpg', NULL, NULL),
(457, 456, 'ACTUAL', 220, 370, 'images/media/2020/12/YAaqM01901.jpg', NULL, NULL),
(458, 457, 'ACTUAL', 220, 370, 'images/media/2020/12/LTvGM01301.jpg', NULL, NULL),
(459, 458, 'ACTUAL', 512, 512, 'images/media/2020/12/8zBL302407.png', NULL, NULL),
(460, 459, 'ACTUAL', 425, 1600, 'images/media/2020/12/kzLG219201.jpg', NULL, NULL),
(461, 460, 'ACTUAL', 425, 1600, 'images/media/2020/12/4wDb519601.jpg', NULL, NULL),
(462, 459, 'THUMBNAIL', 40, 150, 'images/media/2020/12/thumbnail1582120480kzLG219201.jpg', NULL, NULL),
(463, 460, 'THUMBNAIL', 40, 150, 'images/media/2020/12/thumbnail15821204804wDb519601.jpg', NULL, NULL),
(464, 459, 'MEDIUM', 106, 400, 'images/media/2020/12/medium1582120480kzLG219201.jpg', NULL, NULL),
(465, 460, 'MEDIUM', 106, 400, 'images/media/2020/12/medium15821204804wDb519601.jpg', NULL, NULL),
(466, 459, 'LARGE', 239, 900, 'images/media/2020/12/large1582120480kzLG219201.jpg', NULL, NULL),
(467, 460, 'LARGE', 239, 900, 'images/media/2020/12/large15821204804wDb519601.jpg', NULL, NULL),
(468, 461, 'ACTUAL', 425, 1600, 'images/media/2020/12/roLuh19801.jpg', NULL, NULL),
(469, 461, 'THUMBNAIL', 40, 150, 'images/media/2020/12/thumbnail1582120482roLuh19801.jpg', NULL, NULL),
(470, 461, 'MEDIUM', 106, 400, 'images/media/2020/12/medium1582120482roLuh19801.jpg', NULL, NULL),
(471, 461, 'LARGE', 239, 900, 'images/media/2020/12/large1582120482roLuh19801.jpg', NULL, NULL),
(472, 462, 'ACTUAL', 421, 1170, 'images/media/2020/12/7OI5e19501.jpg', NULL, NULL),
(473, 462, 'THUMBNAIL', 54, 150, 'images/media/2020/12/thumbnail15821204927OI5e19501.jpg', NULL, NULL),
(474, 462, 'MEDIUM', 144, 400, 'images/media/2020/12/medium15821204937OI5e19501.jpg', NULL, NULL),
(475, 462, 'LARGE', 324, 900, 'images/media/2020/12/large15821204937OI5e19501.jpg', NULL, NULL),
(476, 463, 'ACTUAL', 421, 1170, 'images/media/2020/12/SHVFB19501.jpg', NULL, NULL),
(477, 463, 'THUMBNAIL', 54, 150, 'images/media/2020/12/thumbnail1582120493SHVFB19501.jpg', NULL, NULL),
(478, 463, 'MEDIUM', 144, 400, 'images/media/2020/12/medium1582120494SHVFB19501.jpg', NULL, NULL),
(479, 463, 'LARGE', 324, 900, 'images/media/2020/12/large1582120494SHVFB19501.jpg', NULL, NULL),
(480, 464, 'ACTUAL', 421, 1170, 'images/media/2020/12/dn1K219901.jpg', NULL, NULL),
(481, 464, 'THUMBNAIL', 54, 150, 'images/media/2020/12/thumbnail1582120496dn1K219901.jpg', NULL, NULL),
(482, 464, 'MEDIUM', 144, 400, 'images/media/2020/12/medium1582120496dn1K219901.jpg', NULL, NULL),
(483, 464, 'LARGE', 324, 900, 'images/media/2020/12/large1582120496dn1K219901.jpg', NULL, NULL),
(559, 494, 'ACTUAL', 418, 833, 'images/media/2020/12/JiDWS19303.jpg', NULL, NULL),
(558, 493, 'ACTUAL', 418, 834, 'images/media/2020/12/VXmx319303.jpg', NULL, NULL),
(557, 492, 'THUMBNAIL', 72, 150, 'images/media/2020/12/thumbnail15821245307zlLI19903.jpg', NULL, NULL),
(556, 491, 'THUMBNAIL', 73, 150, 'images/media/2020/12/thumbnail1582124530U361f19603.jpg', NULL, NULL),
(555, 492, 'ACTUAL', 177, 369, 'images/media/2020/12/7zlLI19903.jpg', NULL, NULL),
(554, 491, 'ACTUAL', 179, 369, 'images/media/2020/12/U361f19603.jpg', NULL, NULL),
(553, 490, 'MEDIUM', 189, 400, 'images/media/2020/12/medium1582123325IjJ4x19202.jpg', NULL, NULL),
(552, 490, 'THUMBNAIL', 71, 150, 'images/media/2020/12/thumbnail1582123325IjJ4x19202.jpg', NULL, NULL),
(551, 490, 'ACTUAL', 418, 885, 'images/media/2020/12/IjJ4x19202.jpg', NULL, NULL),
(550, 489, 'MEDIUM', 189, 400, 'images/media/2020/12/medium1582123325aqK6Q19402.jpg', NULL, NULL),
(549, 489, 'THUMBNAIL', 71, 150, 'images/media/2020/12/thumbnail1582123325aqK6Q19402.jpg', NULL, NULL),
(548, 488, 'MEDIUM', 189, 400, 'images/media/2020/12/medium1582123325Apd1i19902.jpg', NULL, NULL),
(547, 489, 'ACTUAL', 418, 885, 'images/media/2020/12/aqK6Q19402.jpg', NULL, NULL),
(544, 487, 'MEDIUM', 200, 400, 'images/media/2020/12/medium1582123057e8Uh519302.jpg', NULL, NULL),
(545, 488, 'ACTUAL', 418, 885, 'images/media/2020/12/Apd1i19902.jpg', NULL, NULL),
(546, 488, 'THUMBNAIL', 71, 150, 'images/media/2020/12/thumbnail1582123325Apd1i19902.jpg', NULL, NULL),
(543, 487, 'THUMBNAIL', 75, 150, 'images/media/2020/12/thumbnail1582123057e8Uh519302.jpg', NULL, NULL),
(542, 487, 'ACTUAL', 418, 834, 'images/media/2020/12/e8Uh519302.jpg', NULL, NULL),
(541, 486, 'MEDIUM', 200, 400, 'images/media/2020/12/medium1582123056sQWL719202.jpg', NULL, NULL),
(540, 486, 'THUMBNAIL', 75, 150, 'images/media/2020/12/thumbnail1582123056sQWL719202.jpg', NULL, NULL),
(537, 485, 'THUMBNAIL', 75, 150, 'images/media/2020/12/thumbnail1582123056i0UZO19402.jpg', NULL, NULL),
(539, 486, 'ACTUAL', 418, 834, 'images/media/2020/12/sQWL719202.jpg', NULL, NULL),
(538, 485, 'MEDIUM', 201, 400, 'images/media/2020/12/medium1582123056i0UZO19402.jpg', NULL, NULL),
(536, 485, 'ACTUAL', 418, 833, 'images/media/2020/12/i0UZO19402.jpg', NULL, NULL),
(533, 483, 'THUMBNAIL', 73, 150, 'images/media/2020/12/thumbnail1582123055RE0II19402.jpg', NULL, NULL),
(534, 484, 'ACTUAL', 177, 369, 'images/media/2020/12/gt4aI19102.jpg', NULL, NULL),
(535, 484, 'THUMBNAIL', 72, 150, 'images/media/2020/12/thumbnail1582123055gt4aI19102.jpg', NULL, NULL),
(532, 483, 'ACTUAL', 179, 369, 'images/media/2020/12/RE0II19402.jpg', NULL, NULL),
(560, 493, 'THUMBNAIL', 75, 150, 'images/media/2020/12/thumbnail1582124531VXmx319303.jpg', NULL, NULL),
(561, 494, 'THUMBNAIL', 75, 150, 'images/media/2020/12/thumbnail1582124531JiDWS19303.jpg', NULL, NULL),
(562, 493, 'MEDIUM', 200, 400, 'images/media/2020/12/medium1582124531VXmx319303.jpg', NULL, NULL),
(563, 494, 'MEDIUM', 201, 400, 'images/media/2020/12/medium1582124531JiDWS19303.jpg', NULL, NULL),
(564, 495, 'ACTUAL', 418, 834, 'images/media/2020/12/jzm9Z19603.jpg', NULL, NULL),
(565, 495, 'THUMBNAIL', 75, 150, 'images/media/2020/12/thumbnail1582124532jzm9Z19603.jpg', NULL, NULL),
(566, 495, 'MEDIUM', 200, 400, 'images/media/2020/12/medium1582124532jzm9Z19603.jpg', NULL, NULL),
(567, 496, 'ACTUAL', 259, 770, 'images/media/2020/12/ZGQzk20811.jpg', NULL, NULL),
(568, 497, 'ACTUAL', 258, 770, 'images/media/2020/12/NpNrm20611.jpg', NULL, NULL),
(569, 497, 'THUMBNAIL', 50, 150, 'images/media/2020/12/thumbnail1582198137NpNrm20611.jpg', NULL, NULL),
(570, 496, 'THUMBNAIL', 50, 150, 'images/media/2020/12/thumbnail1582198137ZGQzk20811.jpg', NULL, NULL),
(571, 496, 'MEDIUM', 135, 400, 'images/media/2020/12/medium1582198137ZGQzk20811.jpg', NULL, NULL),
(572, 497, 'MEDIUM', 134, 400, 'images/media/2020/12/medium1582198137NpNrm20611.jpg', NULL, NULL),
(573, 498, 'ACTUAL', 548, 370, 'images/media/2020/12/XPgIC20911.jpg', NULL, NULL),
(574, 498, 'THUMBNAIL', 150, 101, 'images/media/2020/12/thumbnail1582198138XPgIC20911.jpg', NULL, NULL),
(575, 498, 'MEDIUM', 400, 270, 'images/media/2020/12/medium1582198138XPgIC20911.jpg', NULL, NULL),
(576, 499, 'ACTUAL', 297, 770, 'images/media/2020/12/VmtxP20911.jpg', NULL, NULL),
(577, 500, 'ACTUAL', 547, 370, 'images/media/2020/12/QAdqa20111.jpg', NULL, NULL),
(578, 499, 'THUMBNAIL', 58, 150, 'images/media/2020/12/thumbnail1582198509VmtxP20911.jpg', NULL, NULL),
(579, 500, 'THUMBNAIL', 150, 101, 'images/media/2020/12/thumbnail1582198509QAdqa20111.jpg', NULL, NULL),
(580, 499, 'MEDIUM', 154, 400, 'images/media/2020/12/medium1582198509VmtxP20911.jpg', NULL, NULL),
(581, 500, 'MEDIUM', 400, 271, 'images/media/2020/12/medium1582198509QAdqa20111.jpg', NULL, NULL),
(582, 501, 'ACTUAL', 220, 370, 'images/media/2020/12/wQGHA20911.jpg', NULL, NULL),
(583, 502, 'ACTUAL', 220, 370, 'images/media/2020/12/R0yLD20611.jpg', NULL, NULL),
(584, 501, 'THUMBNAIL', 89, 150, 'images/media/2020/12/thumbnail1582198510wQGHA20911.jpg', NULL, NULL),
(585, 502, 'THUMBNAIL', 89, 150, 'images/media/2020/12/thumbnail1582198510R0yLD20611.jpg', NULL, NULL),
(586, 503, 'ACTUAL', 230, 270, 'images/media/2020/12/GKLNM20111.jpg', NULL, NULL),
(587, 503, 'THUMBNAIL', 128, 150, 'images/media/2020/12/thumbnail1582198670GKLNM20111.jpg', NULL, NULL),
(588, 504, 'ACTUAL', 230, 270, 'images/media/2020/12/zm4sn20811.jpg', NULL, NULL),
(589, 504, 'THUMBNAIL', 128, 150, 'images/media/2020/12/thumbnail1582198670zm4sn20811.jpg', NULL, NULL),
(590, 505, 'ACTUAL', 230, 270, 'images/media/2020/12/ug42t20411.jpg', NULL, NULL),
(591, 505, 'THUMBNAIL', 128, 150, 'images/media/2020/12/thumbnail1582198671ug42t20411.jpg', NULL, NULL),
(592, 506, 'ACTUAL', 230, 270, 'images/media/2020/12/21hNs20511.jpg', NULL, NULL),
(593, 506, 'THUMBNAIL', 128, 150, 'images/media/2020/12/thumbnail158219867121hNs20511.jpg', NULL, NULL),
(594, 507, 'ACTUAL', 490, 569, 'images/media/2020/12/cgm7r20911.jpg', NULL, NULL),
(595, 507, 'THUMBNAIL', 129, 150, 'images/media/2020/12/thumbnail1582198672cgm7r20911.jpg', NULL, NULL),
(596, 507, 'MEDIUM', 344, 400, 'images/media/2020/12/medium1582198672cgm7r20911.jpg', NULL, NULL),
(597, 508, 'ACTUAL', 211, 270, 'images/media/2020/12/BdrR320111.jpg', NULL, NULL),
(598, 508, 'THUMBNAIL', 117, 150, 'images/media/2020/12/thumbnail1582198790BdrR320111.jpg', NULL, NULL),
(599, 509, 'ACTUAL', 452, 570, 'images/media/2020/12/228jM20511.jpg', NULL, NULL),
(600, 510, 'ACTUAL', 211, 270, 'images/media/2020/12/L1lXk20111.jpg', NULL, NULL),
(601, 510, 'THUMBNAIL', 117, 150, 'images/media/2020/12/thumbnail1582198791L1lXk20111.jpg', NULL, NULL),
(602, 509, 'THUMBNAIL', 119, 150, 'images/media/2020/12/thumbnail1582198791228jM20511.jpg', NULL, NULL),
(603, 509, 'MEDIUM', 317, 400, 'images/media/2020/12/medium1582198791228jM20511.jpg', NULL, NULL),
(604, 511, 'ACTUAL', 211, 570, 'images/media/2020/12/GrSV020311.jpg', NULL, NULL),
(605, 511, 'THUMBNAIL', 56, 150, 'images/media/2020/12/thumbnail1582198792GrSV020311.jpg', NULL, NULL),
(606, 511, 'MEDIUM', 148, 400, 'images/media/2020/12/medium1582198792GrSV020311.jpg', NULL, NULL),
(607, 512, 'ACTUAL', 298, 567, 'images/media/2020/12/gOyKf20211.jpg', NULL, NULL),
(608, 512, 'THUMBNAIL', 79, 150, 'images/media/2020/12/thumbnail1582198889gOyKf20211.jpg', NULL, NULL),
(609, 513, 'ACTUAL', 298, 566, 'images/media/2020/12/fj2pW20711.jpg', NULL, NULL),
(610, 512, 'MEDIUM', 210, 400, 'images/media/2020/12/medium1582198889gOyKf20211.jpg', NULL, NULL),
(611, 513, 'THUMBNAIL', 79, 150, 'images/media/2020/12/thumbnail1582198889fj2pW20711.jpg', NULL, NULL),
(612, 513, 'MEDIUM', 211, 400, 'images/media/2020/12/medium1582198889fj2pW20711.jpg', NULL, NULL),
(613, 514, 'ACTUAL', 211, 270, 'images/media/2020/12/8pXSd20211.jpg', NULL, NULL),
(614, 514, 'THUMBNAIL', 117, 150, 'images/media/2020/12/thumbnail15821990078pXSd20211.jpg', NULL, NULL),
(615, 515, 'ACTUAL', 451, 569, 'images/media/2020/12/dMGvd20411.jpg', NULL, NULL),
(616, 515, 'THUMBNAIL', 119, 150, 'images/media/2020/12/thumbnail1582199007dMGvd20411.jpg', NULL, NULL),
(617, 515, 'MEDIUM', 317, 400, 'images/media/2020/12/medium1582199007dMGvd20411.jpg', NULL, NULL),
(618, 516, 'ACTUAL', 451, 270, 'images/media/2020/12/6DbzH20711.jpg', NULL, NULL),
(619, 516, 'THUMBNAIL', 150, 90, 'images/media/2020/12/thumbnail15821990086DbzH20711.jpg', NULL, NULL),
(620, 516, 'MEDIUM', 400, 239, 'images/media/2020/12/medium15821990086DbzH20711.jpg', NULL, NULL),
(621, 517, 'ACTUAL', 211, 270, 'images/media/2020/12/2lM7y20211.jpg', NULL, NULL),
(622, 517, 'THUMBNAIL', 117, 150, 'images/media/2020/12/thumbnail15821990082lM7y20211.jpg', NULL, NULL),
(623, 518, 'ACTUAL', 230, 370, 'images/media/2020/12/kgVrx20811.jpg', NULL, NULL),
(624, 518, 'THUMBNAIL', 93, 150, 'images/media/2020/12/thumbnail1582199127kgVrx20811.jpg', NULL, NULL),
(625, 519, 'ACTUAL', 488, 368, 'images/media/2020/12/XCslh20311.jpg', NULL, NULL),
(626, 519, 'THUMBNAIL', 150, 113, 'images/media/2020/12/thumbnail1582199127XCslh20311.jpg', NULL, NULL),
(627, 519, 'MEDIUM', 400, 302, 'images/media/2020/12/medium1582199127XCslh20311.jpg', NULL, NULL),
(628, 520, 'ACTUAL', 230, 370, 'images/media/2020/12/9dgQ020511.jpg', NULL, NULL),
(629, 520, 'THUMBNAIL', 93, 150, 'images/media/2020/12/thumbnail15821991289dgQ020511.jpg', NULL, NULL),
(630, 521, 'ACTUAL', 230, 370, 'images/media/2020/12/pZ1bH20411.jpg', NULL, NULL),
(631, 521, 'THUMBNAIL', 93, 150, 'images/media/2020/12/thumbnail1582199128pZ1bH20411.jpg', NULL, NULL),
(632, 522, 'ACTUAL', 230, 370, 'images/media/2020/12/xl9k720411.jpg', NULL, NULL),
(633, 522, 'THUMBNAIL', 93, 150, 'images/media/2020/12/thumbnail1582199129xl9k720411.jpg', NULL, NULL),
(634, 523, 'ACTUAL', 211, 470, 'images/media/2020/12/7cNGq20711.jpg', NULL, NULL),
(635, 523, 'THUMBNAIL', 67, 150, 'images/media/2020/12/thumbnail15821993277cNGq20711.jpg', NULL, NULL),
(636, 523, 'MEDIUM', 180, 400, 'images/media/2020/12/medium15821993277cNGq20711.jpg', NULL, NULL),
(637, 524, 'ACTUAL', 210, 468, 'images/media/2020/12/qcLGW20311.jpg', NULL, NULL),
(638, 524, 'THUMBNAIL', 67, 150, 'images/media/2020/12/thumbnail1582199327qcLGW20311.jpg', NULL, NULL),
(639, 524, 'MEDIUM', 179, 400, 'images/media/2020/12/medium1582199327qcLGW20311.jpg', NULL, NULL),
(640, 525, 'ACTUAL', 210, 272, 'images/media/2020/12/uatVd20111.jpg', NULL, NULL),
(641, 525, 'THUMBNAIL', 116, 150, 'images/media/2020/12/thumbnail1582199328uatVd20111.jpg', NULL, NULL),
(642, 526, 'ACTUAL', 211, 270, 'images/media/2020/12/2segQ20911.jpg', NULL, NULL),
(643, 526, 'THUMBNAIL', 117, 150, 'images/media/2020/12/thumbnail15821993282segQ20911.jpg', NULL, NULL),
(644, 527, 'ACTUAL', 211, 369, 'images/media/2020/12/dbzAF20511.jpg', NULL, NULL),
(645, 527, 'THUMBNAIL', 86, 150, 'images/media/2020/12/thumbnail1582199329dbzAF20511.jpg', NULL, NULL),
(646, 528, 'ACTUAL', 210, 369, 'images/media/2020/12/ruFRW20511.jpg', NULL, NULL),
(647, 528, 'THUMBNAIL', 85, 150, 'images/media/2020/12/thumbnail1582199330ruFRW20511.jpg', NULL, NULL),
(648, 529, 'ACTUAL', 430, 1599, 'images/media/2020/12/8qJMb20712.jpg', NULL, NULL),
(649, 529, 'THUMBNAIL', 40, 150, 'images/media/2020/12/thumbnail15822003748qJMb20712.jpg', NULL, NULL),
(650, 530, 'ACTUAL', 236, 1171, 'images/media/2020/12/4kD3S20412.jpg', NULL, NULL),
(651, 530, 'THUMBNAIL', 30, 150, 'images/media/2020/12/thumbnail15822003754kD3S20412.jpg', NULL, NULL),
(652, 530, 'MEDIUM', 81, 400, 'images/media/2020/12/medium15822003754kD3S20412.jpg', NULL, NULL),
(653, 530, 'LARGE', 181, 900, 'images/media/2020/12/large15822003754kD3S20412.jpg', NULL, NULL),
(654, 531, 'ACTUAL', 179, 369, 'images/media/2020/12/FbFX320512.jpg', NULL, NULL),
(655, 531, 'THUMBNAIL', 73, 150, 'images/media/2020/12/thumbnail1582201134FbFX320512.jpg', NULL, NULL),
(656, 532, 'ACTUAL', 418, 834, 'images/media/2020/12/xv5F720212.jpg', NULL, NULL),
(657, 533, 'ACTUAL', 418, 833, 'images/media/2020/12/WDeDC20512.jpg', NULL, NULL),
(658, 532, 'THUMBNAIL', 75, 150, 'images/media/2020/12/thumbnail1582201251xv5F720212.jpg', NULL, NULL),
(659, 533, 'THUMBNAIL', 75, 150, 'images/media/2020/12/thumbnail1582201251WDeDC20512.jpg', NULL, NULL),
(660, 532, 'MEDIUM', 200, 400, 'images/media/2020/12/medium1582201251xv5F720212.jpg', NULL, NULL),
(661, 533, 'MEDIUM', 201, 400, 'images/media/2020/12/medium1582201251WDeDC20512.jpg', NULL, NULL),
(662, 534, 'ACTUAL', 418, 834, 'images/media/2020/12/287xt20312.jpg', NULL, NULL),
(663, 534, 'THUMBNAIL', 75, 150, 'images/media/2020/12/thumbnail1582201252287xt20312.jpg', NULL, NULL),
(664, 534, 'MEDIUM', 200, 400, 'images/media/2020/12/medium1582201252287xt20312.jpg', NULL, NULL),
(665, 535, 'ACTUAL', 885, 1673, 'images/media/2020/12/kp7IT19104.jpg', NULL, NULL),
(666, 535, 'THUMBNAIL', 79, 150, 'images/media/2020/12/thumbnail1584636420kp7IT19104.jpg', NULL, NULL),
(667, 535, 'MEDIUM', 212, 400, 'images/media/2020/12/medium1584636420kp7IT19104.jpg', NULL, NULL),
(668, 535, 'LARGE', 476, 900, 'images/media/2020/12/large1584636420kp7IT19104.jpg', NULL, NULL),
(669, 536, 'ACTUAL', 230, 370, 'images/media/2020/12/dYoZ120612.jpg', NULL, NULL),
(670, 536, 'THUMBNAIL', 93, 150, 'images/media/2020/12/thumbnail1584706724dYoZ120612.jpg', NULL, NULL),
(671, 537, 'ACTUAL', 43, 172, 'images/media/2020/12/ianfk25812.png', NULL, NULL),
(672, 537, 'THUMBNAIL', 38, 150, 'images/media/2020/12/thumbnail1585137994ianfk25812.png', NULL, NULL),
(673, 538, 'ACTUAL', 16, 16, 'images/media/2020/12/FuDHg25712.png', NULL, NULL),
(674, 539, 'ACTUAL', 885, 1673, 'images/media/2020/12/5t74g02911.jpg', NULL, NULL),
(675, 539, 'THUMBNAIL', 79, 150, 'images/media/2020/12/thumbnail15858260845t74g02911.jpg', NULL, NULL),
(676, 539, 'MEDIUM', 212, 400, 'images/media/2020/12/medium15858260855t74g02911.jpg', NULL, NULL),
(677, 539, 'LARGE', 476, 900, 'images/media/2020/12/large15858260855t74g02911.jpg', NULL, NULL);

-- --------------------------------------------------------



--
-- Dumping data for table `menus`
--
TRUNCATE `menus`;

INSERT INTO `menus` (`id`, `sort_order`, `sub_sort_order`, `parent_id`, `type`, `external_link`, `link`, `page_id`, `status`, `created_at`, `updated_at`) VALUES
(1, 1, NULL, 0, 5, '/', '/', 0, 1, NULL, NULL),
(2, 2, NULL, 0, 5, 'shop', '/shop', 0, 1, NULL, NULL),
(3, 4, NULL, 0, 1, NULL, '#', NULL, 1, NULL, NULL),
(18, 5, 2, 3, 2, '/page?name=about-us', 'about-us', 0, 1, NULL, NULL),
(19, 6, 4, 3, 2, '/page?name=privacy-policy', 'privacy-policy', 0, 1, NULL, NULL),
(20, 3, NULL, 0, 5, 'news', '/news', 0, 1, NULL, NULL),
(22, 7, NULL, 0, 5, 'contact', '/contact', 0, 1, NULL, NULL);

-- --------------------------------------------------------

--
-- Dumping data for table `menu_translation`
--
TRUNCATE `menu_translation`;

INSERT INTO `menu_translation` (`id`, `menu_id`, `language_id`, `menu_name`) VALUES
(2, 1, 1, 'Home'),
(3, 1, 4, 'منزل'),
(11, 2, 1, 'SHOP'),
(12, 2, 4, 'تسوق'),
(25, 3, 1, 'INFO PAGES'),
(26, 3, 4, 'صفحات المعلومات'),
(33, 18, 1, 'About Us'),
(34, 18, 4, 'معلومات عنا'),
(35, 19, 1, 'Privacy Policy'),
(36, 19, 4, 'سياسة خاصة'),
(37, 20, 1, 'News'),
(38, 20, 4, 'أخبار'),
(41, 22, 1, 'Contact Us'),
(42, 22, 4, 'اتصل بنا');

-- --------------------------------------------------------

--
-- Dumping data for table `news`
--
TRUNCATE `news`;

INSERT INTO `news` (`news_id`, `news_image`, `news_date_added`, `news_last_modified`, `news_status`, `is_feature`, `news_slug`, `created_at`, `updated_at`) VALUES
(1, '419', '2020-04-05 01:10:00', NULL, 1, 1, 'world-business-news', '2019-09-18 11:17:41', '2020-04-01 05:12:31'),
(2, '420', '2020-04-05 01:10:00', NULL, 1, 0, 'witn-news', '2019-09-18 11:23:26', '2019-10-01 12:25:20'),
(3, '421', '2020-04-05 01:10:00', NULL, 1, 0, 'stock-exchange', '2019-09-24 12:02:25', '2019-10-01 12:25:44'),
(4, '447', '2020-04-05 01:10:00', NULL, 1, 1, 'manufacturing-tools', '2019-09-24 12:03:19', '2019-10-01 12:26:07'),
(5, '449', '2020-04-05 01:10:00', NULL, 1, 1, 'fashion-week', '2019-09-24 12:31:11', '2019-10-01 12:26:45'),
(6, '448', '2020-04-05 01:10:00', NULL, 1, 1, 'world-wide-networking', '2019-09-24 12:33:17', '2019-10-01 12:27:01');

-- --------------------------------------------------------


--
-- Dumping data for table `news_categories`
--
TRUNCATE `news_categories`;

INSERT INTO `news_categories` (`categories_id`, `categories_image`, `categories_icon`, `parent_id`, `sort_order`, `date_added`, `last_modified`, `news_categories_slug`, `categories_status`, `created_at`, `updated_at`) VALUES
(3, '417', '', 0, 1, NULL, '2020-04-01 05:10:03', 'tools-and-technology', 1, '2019-09-24 11:56:31', NULL),
(4, '418', '', 0, 4, NULL, '2020-04-01 05:10:27', 'business', 1, '2019-09-24 11:57:08', NULL);

-- --------------------------------------------------------

--
-- Dumping data for table `news_categories_description`
--
TRUNCATE `news_categories_description`;

INSERT INTO `news_categories_description` (`categories_description_id`, `categories_id`, `language_id`, `categories_name`) VALUES
(3, 3, 1, 'Tools and Technology'),
(4, 4, 1, 'Business'),
(5, 3, 4, 'الأدوات والتكنولوجيا'),
(6, 4, 4, 'اعمال');

-- --------------------------------------------------------

--
-- Dumping data for table `news_description`
--
TRUNCATE `news_description`;

INSERT INTO `news_description` (`language_id`, `news_name`, `news_id`, `news_description`, `news_url`, `news_viewed`) VALUES
(1, 'World Business', 1, '<p>Lorem Ipsum is simply dummy text of the printing and typesetting industry. Lorem Ipsum has been the industry&rsquo;s standard dummy text ever since the 1500s, when an unknown printer took a galley of type and scrambled it to make a type specimen book. It has survived not only five centuries, but also the leap into electronic typesetting, remaining essentially unchanged. It was popularised in the 1960s with the release of Letraset sheets containing Lorem Ipsum passages, and more recently with desktop publishing software like Aldus PageMaker including versions of Lorem Ipsum.</p>\r\n\r\n<p>&nbsp;</p>\r\n\r\n<p>Lorem Ipsum is simply dummy text of the printing and typesetting industry. Lorem Ipsum has been the industry&rsquo;s standard dummy text ever since the 1500s, when an unknown printer took a galley of type and scrambled it to make a type specimen book. It has survived not only five centuries, but also the leap into electronic typesetting, remaining essentially unchanged. It was popularised in the 1960s with the release of Letraset sheets containing Lorem Ipsum passages, and more recently with desktop publishing software like Aldus PageMaker including versions of Lorem Ipsum.</p>\r\n\r\n<p>&nbsp;</p>\r\n\r\n<p>Lorem Ipsum is simply dummy text of the printing and typesetting industry. Lorem Ipsum has been the industry&rsquo;s standard dummy text ever since the 1500s, when an unknown printer took a galley of type and scrambled it to make a type specimen book. It has survived not only five centuries, but also the leap into electronic typesetting, remaining essentially unchanged. It was popularised in the 1960s with the release of Letraset sheets containing Lorem Ipsum passages, and more recently with desktop publishing software like Aldus PageMaker including versions of Lorem Ipsum.</p>', '0', 0),
(1, 'World Information Technology', 2, 'Lorem Ipsum is simply dummy text of the printing and typesetting industry. Lorem Ipsum has been the industry&rsquo;s standard dummy text ever since the 1500s, when an unknown printer took a galley of type and scrambled it to make a type specimen book. It has survived not only five centuries, but also the leap into electronic typesetting, remaining essentially unchanged. It was popularised in the 1960s with the release of Letraset sheets containing Lorem Ipsum passages, and more recently with desktop publishing software like Aldus PageMaker including versions of Lorem Ipsum.', '0', 0),
(1, 'Stock Exchange', 3, 'Lorem Ipsum is simply dummy text of the printing and typesetting industry. Lorem Ipsum has been the industry&amp;rsquo;s standard dummy text ever since the 1500s, when an unknown printer took a galley of type and scrambled it to make a type specimen book. It has survived not only five centuries, but also the leap into electronic typesetting, remaining essentially unchanged. It was popularised in the 1960s with the release of Letraset sheets containing Lorem Ipsum passages, and more recently with desktop publishing software like Aldus PageMaker including versions of Lorem Ipsum.', '0', 0),
(1, 'Why to choose this app for your Project?', 4, '<p>Lorem Ipsum is simply dummy text of the printing and typesetting industry. Lorem Ipsum has been the industry&amp;rsquo;s standard dummy text ever since the 1500s, when an unknown printer took a galley of type and scrambled it to make a type specimen book. It has survived not only five centuries, but also the leap into electronic typesetting, remaining essentially unchanged. It was popularised in the 1960s with the release of Letraset sheets containing Lorem Ipsum passages, and more recently with desktop publishing software like Aldus PageMaker including versions of Lorem Ipsum.</p>', '0', 0),
(1, 'Fashion Week', 5, '<p>Lorem Ipsum is simply dummy text of the printing and typesetting industry. Lorem Ipsum has been the industry&amp;rsquo;s standard dummy text ever since the 1500s, when an unknown printer took a galley of type and scrambled it to make a type specimen book. It has survived not only five centuries, but also the leap into electronic typesetting, remaining essentially unchanged. It was popularised in the 1960s with the release of Letraset sheets containing Lorem Ipsum passages, and more recently with desktop publishing software like Aldus PageMaker including versions of Lorem Ipsum.</p>', '0', 0),
(1, 'Tool and Technology', 6, '<p>Lorem Ipsum is simply dummy text of the printing and typesetting industry. Lorem Ipsum has been the industry&amp;rsquo;s standard dummy text ever since the 1500s, when an unknown printer took a galley of type and scrambled it to make a type specimen book. It has survived not only five centuries, but also the leap into electronic typesetting, remaining essentially unchanged. It was popularised in the 1960s with the release of Letraset sheets containing Lorem Ipsum passages, and more recently with desktop publishing software like Aldus PageMaker including versions of Lorem Ipsum.</p>', '0', 0),
(4, 'عالم الأعمال', 1, '<p>ذلك وبعدما وقوعها، أم, تُصب ونتج حول عن. أن فرنسا لمحاكم تلك, يكن ان وتتحمّل الساحلية. يذكر الأول إتفاقية مما أي, كلّ ٣٠ دفّة العالم. بها بـ عقبت السفن الثالث, الأول الانجليزية أخر أي, فكان أفاق عدد بل. واتّجه قُدُماً التخطيط بل لان, والنفيس وبالتحديد، يتم عل, إذ بعد تحرير ترتيب الوزراء. أم السبب التّحول واشتدّت يتم, ٣٠ أضف ليركز قتيل، المعاهدات, أم مئات الشرق، أخر. أوسع الطريق هو جعل, كل وجهان الصين الضروري عرض. خيار قادة لعملة على ما, فسقط الشمال ما بعض. حتى في مليارات والإتحاد, هو كلا لفرنسا الخطّة, عرض أي المضي الصين. أضف تاريخ لإنعدام الولايات في. بعد ليرتفع التحالف التجارية هو, هو الذود لإعلان كلّ, ثمّة المجتمع الإكتفاء يبق ثم. ثم جُل وترك وانتهاءً التقليدي. هو إيو محاولات البولندي. عرض عل كردة ميناء المنتصر, كان لدحر أوسع فرنسية ان. منتصف بالرّغم لم أخذ. بـ دون لهذه نهاية وباستثناء. عرض الآخر لليابان الأوروبية تم, قد التي كُلفة المتساقطة، ذلك. مرجع لكون سياسة مع أخر. وحتى النفط بالسيطرة مع ومن, وفي أم واحدة الشهير. أخذ عن وأزيز بمحاولة الأمريكية. بال كل ووصف منتصف ولاتّساع, يكن و الأول الإتحاد. حدى بـ ايطاليا، الأثناء،, هو بلاده العصبة فصل, والتي يعادل نفس بل. مكن المنتصر والروسية الموسوعة أم. أن بحق فقامت حادثة الرئيسية, هذه تعداد وعُرفت بتطويق أم. هذه أهّل مقاومة الاندونيسية قد, انه وبدون واستمرت كل. حتى وبدون فكانت الإطلاق في, بعد تصفح سكان وقامت أم, يكن الأمم إستعمل أم. وبعض الأمم بـ ذات, إجلاء استدعى الأوروبية، أما عن, ما جنوب الدول الأمور بلا. كان الخاسر الساحل أن, و أضف يتمكن مكثّفة. كلّ الجوي تجهيز الأوروبي في, سقطت الطريق أوراقهم في بين. هامش بالحرب الباهضة لكل قد. عل صفحة عُقر وتنامت أخذ. أطراف العناد كلّ بل. حتى للسيطرة المتاخمة عل. طوكيو الشهيرة جهة أن, من جعل يونيو الأولية, عن جعل سقطت الستار. بشكل بمعارضة بالمطالبة ٣٠ ذات, قد بعض إبّان ماليزيا، الأوروبي. ذات ما وجهان الأوروبيّون, يقوم استمرار وتم إذ, أوراقهم الانجليزية يبق عن. حدى ٣٠ الصفحات الأوربيين, أراض الأولى فقد ان, وبعد بتخصيص ثم بعد. عدم هو ساعة الساحلية, أن بينما السيطرة أضف. وبحلول استعملت تعد بـ. تم للصين أصقاع الفترة نفس. سابق لمحاكم عن حول, أي بلا جنوب والإتحاد التغييرات. كلّ ان مئات الأمور الشتاء،. عن بعض أحكم تكبّد العصبة, يتم ٢٠٠٤ بالمحور العالمية هو. رجوعهم الحدود الإتحاد لان عن, كما و مليون وهولندا،. بسبب استبدال وتتحمّل لم عدد, قائمة بتحدّي بالسيطرة الى ما. يقوم الشطر العمليات كما و, عل نفس لفشل نهاية. عن حكومة بتطويق أخذ, مايو مرجع معقل هو لكل. ذلك قد بتطويق الضغوط, مع تحت ودول تزامناً. يرتبط بالسيطرة حتى من, وتم عن ٢٠٠٤ الجنود بريطانيا-فرنسا. وبولندا الأرواح إذ أضف, نفس هو إبّان للمجهود بالمحور, قبل ثم معاملة بالمحور بالتوقيع.</p>\r\n\r\n<p>&nbsp;</p>\r\n\r\n<p>ذلك وبعدما وقوعها، أم, تُصب ونتج حول عن. أن فرنسا لمحاكم تلك, يكن ان وتتحمّل الساحلية. يذكر الأول إتفاقية مما أي, كلّ ٣٠ دفّة العالم. بها بـ عقبت السفن الثالث, الأول الانجليزية أخر أي, فكان أفاق عدد بل. واتّجه قُدُماً التخطيط بل لان, والنفيس وبالتحديد، يتم عل, إذ بعد تحرير ترتيب الوزراء. أم السبب التّحول واشتدّت يتم, ٣٠ أضف ليركز قتيل، المعاهدات, أم مئات الشرق، أخر. أوسع الطريق هو جعل, كل وجهان الصين الضروري عرض. خيار قادة لعملة على ما, فسقط الشمال ما بعض. حتى في مليارات والإتحاد, هو كلا لفرنسا الخطّة, عرض أي المضي الصين. أضف تاريخ لإنعدام الولايات في. بعد ليرتفع التحالف التجارية هو, هو الذود لإعلان كلّ, ثمّة المجتمع الإكتفاء يبق ثم. ثم جُل وترك وانتهاءً التقليدي. هو إيو محاولات البولندي. عرض عل كردة ميناء المنتصر, كان لدحر أوسع فرنسية ان. منتصف بالرّغم لم أخذ. بـ دون لهذه نهاية وباستثناء. عرض الآخر لليابان الأوروبية تم, قد التي كُلفة المتساقطة، ذلك. مرجع لكون سياسة مع أخر. وحتى النفط بالسيطرة مع ومن, وفي أم واحدة الشهير. أخذ عن وأزيز بمحاولة الأمريكية. بال كل ووصف منتصف ولاتّساع, يكن و الأول الإتحاد. حدى بـ ايطاليا، الأثناء،, هو بلاده العصبة فصل, والتي يعادل نفس بل. مكن المنتصر والروسية الموسوعة أم. أن بحق فقامت حادثة الرئيسية, هذه تعداد وعُرفت بتطويق أم. هذه أهّل مقاومة الاندونيسية قد, انه وبدون واستمرت كل. حتى وبدون فكانت الإطلاق في, بعد تصفح سكان وقامت أم, يكن الأمم إستعمل أم. وبعض الأمم بـ ذات, إجلاء استدعى الأوروبية، أما عن, ما جنوب الدول الأمور بلا. كان الخاسر الساحل أن, و أضف يتمكن مكثّفة. كلّ الجوي تجهيز الأوروبي في, سقطت الطريق أوراقهم في بين. هامش بالحرب الباهضة لكل قد. عل صفحة عُقر وتنامت أخذ. أطراف العناد كلّ بل. حتى للسيطرة المتاخمة عل. طوكيو الشهيرة جهة أن, من جعل يونيو الأولية, عن جعل سقطت الستار. بشكل بمعارضة بالمطالبة ٣٠ ذات, قد بعض إبّان ماليزيا، الأوروبي. ذات ما وجهان الأوروبيّون, يقوم استمرار وتم إذ, أوراقهم الانجليزية يبق عن. حدى ٣٠ الصفحات الأوربيين, أراض الأولى فقد ان, وبعد بتخصيص ثم بعد. عدم هو ساعة الساحلية, أن بينما السيطرة أضف. وبحلول استعملت تعد بـ. تم للصين أصقاع الفترة نفس. سابق لمحاكم عن حول, أي بلا جنوب والإتحاد التغييرات. كلّ ان مئات الأمور الشتاء،. عن بعض أحكم تكبّد العصبة, يتم ٢٠٠٤ بالمحور العالمية هو. رجوعهم الحدود الإتحاد لان عن, كما و مليون وهولندا،. بسبب استبدال وتتحمّل لم عدد, قائمة بتحدّي بالسيطرة الى ما. يقوم الشطر العمليات كما و, عل نفس لفشل نهاية. عن حكومة بتطويق أخذ, مايو مرجع معقل هو لكل. ذلك قد بتطويق الضغوط, مع تحت ودول تزامناً. يرتبط بالسيطرة حتى من, وتم عن ٢٠٠٤ الجنود بريطانيا-فرنسا. وبولندا الأرواح إذ أضف, نفس هو إبّان للمجهود بالمحور, قبل ثم معاملة بالمحور بالتوقيع.</p>\r\n\r\n<p>&nbsp;</p>\r\n\r\n<p>ذلك وبعدما وقوعها، أم, تُصب ونتج حول عن. أن فرنسا لمحاكم تلك, يكن ان وتتحمّل الساحلية. يذكر الأول إتفاقية مما أي, كلّ ٣٠ دفّة العالم. بها بـ عقبت السفن الثالث, الأول الانجليزية أخر أي, فكان أفاق عدد بل. واتّجه قُدُماً التخطيط بل لان, والنفيس وبالتحديد، يتم عل, إذ بعد تحرير ترتيب الوزراء. أم السبب التّحول واشتدّت يتم, ٣٠ أضف ليركز قتيل، المعاهدات, أم مئات الشرق، أخر. أوسع الطريق هو جعل, كل وجهان الصين الضروري عرض. خيار قادة لعملة على ما, فسقط الشمال ما بعض. حتى في مليارات والإتحاد, هو كلا لفرنسا الخطّة, عرض أي المضي الصين. أضف تاريخ لإنعدام الولايات في. بعد ليرتفع التحالف التجارية هو, هو الذود لإعلان كلّ, ثمّة المجتمع الإكتفاء يبق ثم. ثم جُل وترك وانتهاءً التقليدي. هو إيو محاولات البولندي. عرض عل كردة ميناء المنتصر, كان لدحر أوسع فرنسية ان. منتصف بالرّغم لم أخذ. بـ دون لهذه نهاية وباستثناء. عرض الآخر لليابان الأوروبية تم, قد التي كُلفة المتساقطة، ذلك. مرجع لكون سياسة مع أخر. وحتى النفط بالسيطرة مع ومن, وفي أم واحدة الشهير. أخذ عن وأزيز بمحاولة الأمريكية. بال كل ووصف منتصف ولاتّساع, يكن و الأول الإتحاد. حدى بـ ايطاليا، الأثناء،, هو بلاده العصبة فصل, والتي يعادل نفس بل. مكن المنتصر والروسية الموسوعة أم. أن بحق فقامت حادثة الرئيسية, هذه تعداد وعُرفت بتطويق أم. هذه أهّل مقاومة الاندونيسية قد, انه وبدون واستمرت كل. حتى وبدون فكانت الإطلاق في, بعد تصفح سكان وقامت أم, يكن الأمم إستعمل أم. وبعض الأمم بـ ذات, إجلاء استدعى الأوروبية، أما عن, ما جنوب الدول الأمور بلا. كان الخاسر الساحل أن, و أضف يتمكن مكثّفة. كلّ الجوي تجهيز الأوروبي في, سقطت الطريق أوراقهم في بين. هامش بالحرب الباهضة لكل قد. عل صفحة عُقر وتنامت أخذ. أطراف العناد كلّ بل. حتى للسيطرة المتاخمة عل. طوكيو الشهيرة جهة أن, من جعل يونيو الأولية, عن جعل سقطت الستار. بشكل بمعارضة بالمطالبة ٣٠ ذات, قد بعض إبّان ماليزيا، الأوروبي. ذات ما وجهان الأوروبيّون, يقوم استمرار وتم إذ, أوراقهم الانجليزية يبق عن. حدى ٣٠ الصفحات الأوربيين, أراض الأولى فقد ان, وبعد بتخصيص ثم بعد. عدم هو ساعة الساحلية, أن بينما السيطرة أضف. وبحلول استعملت تعد بـ. تم للصين أصقاع الفترة نفس. سابق لمحاكم عن حول, أي بلا جنوب والإتحاد التغييرات. كلّ ان مئات الأمور الشتاء،. عن بعض أحكم تكبّد العصبة, يتم ٢٠٠٤ بالمحور العالمية هو. رجوعهم الحدود الإتحاد لان عن, كما و مليون وهولندا،. بسبب استبدال وتتحمّل لم عدد, قائمة بتحدّي بالسيطرة الى ما. يقوم الشطر العمليات كما و, عل نفس لفشل نهاية. عن حكومة بتطويق أخذ, مايو مرجع معقل هو لكل. ذلك قد بتطويق الضغوط, مع تحت ودول تزامناً. يرتبط بالسيطرة حتى من, وتم عن ٢٠٠٤ الجنود بريطانيا-فرنسا. وبولندا الأرواح إذ أضف, نفس هو إبّان للمجهود بالمحور, قبل ثم معاملة بالمحور بالتوقيع.</p>', '0', 0),
(4, 'عالم تكنولوجيا المعلومات', 2, 'ذلك وبعدما وقوعها، أم, تُصب ونتج حول عن. أن فرنسا لمحاكم تلك, يكن ان وتتحمّل الساحلية. يذكر الأول إتفاقية مما أي, كلّ ٣٠ دفّة العالم. بها بـ عقبت السفن الثالث, الأول الانجليزية أخر أي, فكان أفاق عدد بل. واتّجه قُدُماً التخطيط بل لان, والنفيس وبالتحديد، يتم عل, إذ بعد تحرير ترتيب الوزراء.\r\n\r\nأم السبب التّحول واشتدّت يتم, ٣٠ أضف ليركز قتيل، المعاهدات, أم مئات الشرق، أخر. أوسع الطريق هو جعل, كل وجهان الصين الضروري عرض. خيار قادة لعملة على ما, فسقط الشمال ما بعض. حتى في مليارات والإتحاد, هو كلا لفرنسا الخطّة, عرض أي المضي الصين. أضف تاريخ لإنعدام الولايات في. بعد ليرتفع التحالف التجارية هو, هو الذود لإعلان كلّ, ثمّة المجتمع الإكتفاء يبق ثم.\r\n\r\nثم جُل وترك وانتهاءً التقليدي. هو إيو محاولات البولندي. عرض عل كردة ميناء المنتصر, كان لدحر أوسع فرنسية ان. منتصف بالرّغم لم أخذ. بـ دون لهذه نهاية وباستثناء.\r\n\r\nعرض الآخر لليابان الأوروبية تم, قد التي كُلفة المتساقطة، ذلك. مرجع لكون سياسة مع أخر. وحتى النفط بالسيطرة مع ومن, وفي أم واحدة الشهير. أخذ عن وأزيز بمحاولة الأمريكية. بال كل ووصف منتصف ولاتّساع, يكن و الأول الإتحاد. حدى بـ ايطاليا، الأثناء،, هو بلاده العصبة فصل, والتي يعادل نفس بل.\r\n\r\nمكن المنتصر والروسية الموسوعة أم. أن بحق فقامت حادثة الرئيسية, هذه تعداد وعُرفت بتطويق أم. هذه أهّل مقاومة الاندونيسية قد, انه وبدون واستمرت كل. حتى وبدون فكانت الإطلاق في, بعد تصفح سكان وقامت أم, يكن الأمم إستعمل أم. وبعض الأمم بـ ذات, إجلاء استدعى الأوروبية، أما عن, ما جنوب الدول الأمور بلا.\r\n\r\nكان الخاسر الساحل أن, و أضف يتمكن مكثّفة. كلّ الجوي تجهيز الأوروبي في, سقطت الطريق أوراقهم في بين. هامش بالحرب الباهضة لكل قد. عل صفحة عُقر وتنامت أخذ. أطراف العناد كلّ بل.\r\n\r\nحتى للسيطرة المتاخمة عل. طوكيو الشهيرة جهة أن, من جعل يونيو الأولية, عن جعل سقطت الستار. بشكل بمعارضة بالمطالبة ٣٠ ذات, قد بعض إبّان ماليزيا، الأوروبي. ذات ما وجهان الأوروبيّون, يقوم استمرار وتم إذ, أوراقهم الانجليزية يبق عن. حدى ٣٠ الصفحات الأوربيين, أراض الأولى فقد ان, وبعد بتخصيص ثم بعد.\r\n\r\nعدم هو ساعة الساحلية, أن بينما السيطرة أضف. وبحلول استعملت تعد بـ. تم للصين أصقاع الفترة نفس. سابق لمحاكم عن حول, أي بلا جنوب والإتحاد التغييرات.\r\n\r\nكلّ ان مئات الأمور الشتاء،. عن بعض أحكم تكبّد العصبة, يتم ٢٠٠٤ بالمحور العالمية هو. رجوعهم الحدود الإتحاد لان عن, كما و مليون وهولندا،. بسبب استبدال وتتحمّل لم عدد, قائمة بتحدّي بالسيطرة الى ما. يقوم الشطر العمليات كما و, عل نفس لفشل نهاية.\r\n\r\nعن حكومة بتطويق أخذ, مايو مرجع معقل هو لكل. ذلك قد بتطويق الضغوط, مع تحت ودول تزامناً. يرتبط بالسيطرة حتى من, وتم عن ٢٠٠٤ الجنود بريطانيا-فرنسا. وبولندا الأرواح إذ أضف, نفس هو إبّان للمجهود بالمحور, قبل ثم معاملة بالمحور بالتوقيع.', '0', 0),
(4, 'تداول الاسهم', 3, 'ذلك وبعدما وقوعها، أم, تُصب ونتج حول عن. أن فرنسا لمحاكم تلك, يكن ان وتتحمّل الساحلية. يذكر الأول إتفاقية مما أي, كلّ ٣٠ دفّة العالم. بها بـ عقبت السفن الثالث, الأول الانجليزية أخر أي, فكان أفاق عدد بل. واتّجه قُدُماً التخطيط بل لان, والنفيس وبالتحديد، يتم عل, إذ بعد تحرير ترتيب الوزراء.\r\n\r\nأم السبب التّحول واشتدّت يتم, ٣٠ أضف ليركز قتيل، المعاهدات, أم مئات الشرق، أخر. أوسع الطريق هو جعل, كل وجهان الصين الضروري عرض. خيار قادة لعملة على ما, فسقط الشمال ما بعض. حتى في مليارات والإتحاد, هو كلا لفرنسا الخطّة, عرض أي المضي الصين. أضف تاريخ لإنعدام الولايات في. بعد ليرتفع التحالف التجارية هو, هو الذود لإعلان كلّ, ثمّة المجتمع الإكتفاء يبق ثم.\r\n\r\nثم جُل وترك وانتهاءً التقليدي. هو إيو محاولات البولندي. عرض عل كردة ميناء المنتصر, كان لدحر أوسع فرنسية ان. منتصف بالرّغم لم أخذ. بـ دون لهذه نهاية وباستثناء.\r\n\r\nعرض الآخر لليابان الأوروبية تم, قد التي كُلفة المتساقطة، ذلك. مرجع لكون سياسة مع أخر. وحتى النفط بالسيطرة مع ومن, وفي أم واحدة الشهير. أخذ عن وأزيز بمحاولة الأمريكية. بال كل ووصف منتصف ولاتّساع, يكن و الأول الإتحاد. حدى بـ ايطاليا، الأثناء،, هو بلاده العصبة فصل, والتي يعادل نفس بل.\r\n\r\nمكن المنتصر والروسية الموسوعة أم. أن بحق فقامت حادثة الرئيسية, هذه تعداد وعُرفت بتطويق أم. هذه أهّل مقاومة الاندونيسية قد, انه وبدون واستمرت كل. حتى وبدون فكانت الإطلاق في, بعد تصفح سكان وقامت أم, يكن الأمم إستعمل أم. وبعض الأمم بـ ذات, إجلاء استدعى الأوروبية، أما عن, ما جنوب الدول الأمور بلا.\r\n\r\nكان الخاسر الساحل أن, و أضف يتمكن مكثّفة. كلّ الجوي تجهيز الأوروبي في, سقطت الطريق أوراقهم في بين. هامش بالحرب الباهضة لكل قد. عل صفحة عُقر وتنامت أخذ. أطراف العناد كلّ بل.\r\n\r\nحتى للسيطرة المتاخمة عل. طوكيو الشهيرة جهة أن, من جعل يونيو الأولية, عن جعل سقطت الستار. بشكل بمعارضة بالمطالبة ٣٠ ذات, قد بعض إبّان ماليزيا، الأوروبي. ذات ما وجهان الأوروبيّون, يقوم استمرار وتم إذ, أوراقهم الانجليزية يبق عن. حدى ٣٠ الصفحات الأوربيين, أراض الأولى فقد ان, وبعد بتخصيص ثم بعد.\r\n\r\nعدم هو ساعة الساحلية, أن بينما السيطرة أضف. وبحلول استعملت تعد بـ. تم للصين أصقاع الفترة نفس. سابق لمحاكم عن حول, أي بلا جنوب والإتحاد التغييرات.\r\n\r\nكلّ ان مئات الأمور الشتاء،. عن بعض أحكم تكبّد العصبة, يتم ٢٠٠٤ بالمحور العالمية هو. رجوعهم الحدود الإتحاد لان عن, كما و مليون وهولندا،. بسبب استبدال وتتحمّل لم عدد, قائمة بتحدّي بالسيطرة الى ما. يقوم الشطر العمليات كما و, عل نفس لفشل نهاية.\r\n\r\nعن حكومة بتطويق أخذ, مايو مرجع معقل هو لكل. ذلك قد بتطويق الضغوط, مع تحت ودول تزامناً. يرتبط بالسيطرة حتى من, وتم عن ٢٠٠٤ الجنود بريطانيا-فرنسا. وبولندا الأرواح إذ أضف, نفس هو إبّان للمجهود بالمحور, قبل ثم معاملة بالمحور بالتوقيع.', '0', 0),
(4, 'لماذا تختار هذا التطبيق لمشروعك؟', 4, 'ذلك وبعدما وقوعها، أم, تُصب ونتج حول عن. أن فرنسا لمحاكم تلك, يكن ان وتتحمّل الساحلية. يذكر الأول إتفاقية مما أي, كلّ ٣٠ دفّة العالم. بها بـ عقبت السفن الثالث, الأول الانجليزية أخر أي, فكان أفاق عدد بل. واتّجه قُدُماً التخطيط بل لان, والنفيس وبالتحديد، يتم عل, إذ بعد تحرير ترتيب الوزراء.\r\n\r\nأم السبب التّحول واشتدّت يتم, ٣٠ أضف ليركز قتيل، المعاهدات, أم مئات الشرق، أخر. أوسع الطريق هو جعل, كل وجهان الصين الضروري عرض. خيار قادة لعملة على ما, فسقط الشمال ما بعض. حتى في مليارات والإتحاد, هو كلا لفرنسا الخطّة, عرض أي المضي الصين. أضف تاريخ لإنعدام الولايات في. بعد ليرتفع التحالف التجارية هو, هو الذود لإعلان كلّ, ثمّة المجتمع الإكتفاء يبق ثم.\r\n\r\nثم جُل وترك وانتهاءً التقليدي. هو إيو محاولات البولندي. عرض عل كردة ميناء المنتصر, كان لدحر أوسع فرنسية ان. منتصف بالرّغم لم أخذ. بـ دون لهذه نهاية وباستثناء.\r\n\r\nعرض الآخر لليابان الأوروبية تم, قد التي كُلفة المتساقطة، ذلك. مرجع لكون سياسة مع أخر. وحتى النفط بالسيطرة مع ومن, وفي أم واحدة الشهير. أخذ عن وأزيز بمحاولة الأمريكية. بال كل ووصف منتصف ولاتّساع, يكن و الأول الإتحاد. حدى بـ ايطاليا، الأثناء،, هو بلاده العصبة فصل, والتي يعادل نفس بل.\r\n\r\nمكن المنتصر والروسية الموسوعة أم. أن بحق فقامت حادثة الرئيسية, هذه تعداد وعُرفت بتطويق أم. هذه أهّل مقاومة الاندونيسية قد, انه وبدون واستمرت كل. حتى وبدون فكانت الإطلاق في, بعد تصفح سكان وقامت أم, يكن الأمم إستعمل أم. وبعض الأمم بـ ذات, إجلاء استدعى الأوروبية، أما عن, ما جنوب الدول الأمور بلا.\r\n\r\nكان الخاسر الساحل أن, و أضف يتمكن مكثّفة. كلّ الجوي تجهيز الأوروبي في, سقطت الطريق أوراقهم في بين. هامش بالحرب الباهضة لكل قد. عل صفحة عُقر وتنامت أخذ. أطراف العناد كلّ بل.\r\n\r\nحتى للسيطرة المتاخمة عل. طوكيو الشهيرة جهة أن, من جعل يونيو الأولية, عن جعل سقطت الستار. بشكل بمعارضة بالمطالبة ٣٠ ذات, قد بعض إبّان ماليزيا، الأوروبي. ذات ما وجهان الأوروبيّون, يقوم استمرار وتم إذ, أوراقهم الانجليزية يبق عن. حدى ٣٠ الصفحات الأوربيين, أراض الأولى فقد ان, وبعد بتخصيص ثم بعد.\r\n\r\nعدم هو ساعة الساحلية, أن بينما السيطرة أضف. وبحلول استعملت تعد بـ. تم للصين أصقاع الفترة نفس. سابق لمحاكم عن حول, أي بلا جنوب والإتحاد التغييرات.\r\n\r\nكلّ ان مئات الأمور الشتاء،. عن بعض أحكم تكبّد العصبة, يتم ٢٠٠٤ بالمحور العالمية هو. رجوعهم الحدود الإتحاد لان عن, كما و مليون وهولندا،. بسبب استبدال وتتحمّل لم عدد, قائمة بتحدّي بالسيطرة الى ما. يقوم الشطر العمليات كما و, عل نفس لفشل نهاية.\r\n\r\nعن حكومة بتطويق أخذ, مايو مرجع معقل هو لكل. ذلك قد بتطويق الضغوط, مع تحت ودول تزامناً. يرتبط بالسيطرة حتى من, وتم عن ٢٠٠٤ الجنود بريطانيا-فرنسا. وبولندا الأرواح إذ أضف, نفس هو إبّان للمجهود بالمحور, قبل ثم معاملة بالمحور بالتوقيع.', '0', 0),
(4, 'أسبوع الموضة', 5, 'ذلك وبعدما وقوعها، أم, تُصب ونتج حول عن. أن فرنسا لمحاكم تلك, يكن ان وتتحمّل الساحلية. يذكر الأول إتفاقية مما أي, كلّ ٣٠ دفّة العالم. بها بـ عقبت السفن الثالث, الأول الانجليزية أخر أي, فكان أفاق عدد بل. واتّجه قُدُماً التخطيط بل لان, والنفيس وبالتحديد، يتم عل, إذ بعد تحرير ترتيب الوزراء.\r\n\r\nأم السبب التّحول واشتدّت يتم, ٣٠ أضف ليركز قتيل، المعاهدات, أم مئات الشرق، أخر. أوسع الطريق هو جعل, كل وجهان الصين الضروري عرض. خيار قادة لعملة على ما, فسقط الشمال ما بعض. حتى في مليارات والإتحاد, هو كلا لفرنسا الخطّة, عرض أي المضي الصين. أضف تاريخ لإنعدام الولايات في. بعد ليرتفع التحالف التجارية هو, هو الذود لإعلان كلّ, ثمّة المجتمع الإكتفاء يبق ثم.\r\n\r\nثم جُل وترك وانتهاءً التقليدي. هو إيو محاولات البولندي. عرض عل كردة ميناء المنتصر, كان لدحر أوسع فرنسية ان. منتصف بالرّغم لم أخذ. بـ دون لهذه نهاية وباستثناء.\r\n\r\nعرض الآخر لليابان الأوروبية تم, قد التي كُلفة المتساقطة، ذلك. مرجع لكون سياسة مع أخر. وحتى النفط بالسيطرة مع ومن, وفي أم واحدة الشهير. أخذ عن وأزيز بمحاولة الأمريكية. بال كل ووصف منتصف ولاتّساع, يكن و الأول الإتحاد. حدى بـ ايطاليا، الأثناء،, هو بلاده العصبة فصل, والتي يعادل نفس بل.\r\n\r\nمكن المنتصر والروسية الموسوعة أم. أن بحق فقامت حادثة الرئيسية, هذه تعداد وعُرفت بتطويق أم. هذه أهّل مقاومة الاندونيسية قد, انه وبدون واستمرت كل. حتى وبدون فكانت الإطلاق في, بعد تصفح سكان وقامت أم, يكن الأمم إستعمل أم. وبعض الأمم بـ ذات, إجلاء استدعى الأوروبية، أما عن, ما جنوب الدول الأمور بلا.\r\n\r\nكان الخاسر الساحل أن, و أضف يتمكن مكثّفة. كلّ الجوي تجهيز الأوروبي في, سقطت الطريق أوراقهم في بين. هامش بالحرب الباهضة لكل قد. عل صفحة عُقر وتنامت أخذ. أطراف العناد كلّ بل.\r\n\r\nحتى للسيطرة المتاخمة عل. طوكيو الشهيرة جهة أن, من جعل يونيو الأولية, عن جعل سقطت الستار. بشكل بمعارضة بالمطالبة ٣٠ ذات, قد بعض إبّان ماليزيا، الأوروبي. ذات ما وجهان الأوروبيّون, يقوم استمرار وتم إذ, أوراقهم الانجليزية يبق عن. حدى ٣٠ الصفحات الأوربيين, أراض الأولى فقد ان, وبعد بتخصيص ثم بعد.\r\n\r\nعدم هو ساعة الساحلية, أن بينما السيطرة أضف. وبحلول استعملت تعد بـ. تم للصين أصقاع الفترة نفس. سابق لمحاكم عن حول, أي بلا جنوب والإتحاد التغييرات.\r\n\r\nكلّ ان مئات الأمور الشتاء،. عن بعض أحكم تكبّد العصبة, يتم ٢٠٠٤ بالمحور العالمية هو. رجوعهم الحدود الإتحاد لان عن, كما و مليون وهولندا،. بسبب استبدال وتتحمّل لم عدد, قائمة بتحدّي بالسيطرة الى ما. يقوم الشطر العمليات كما و, عل نفس لفشل نهاية.\r\n\r\nعن حكومة بتطويق أخذ, مايو مرجع معقل هو لكل. ذلك قد بتطويق الضغوط, مع تحت ودول تزامناً. يرتبط بالسيطرة حتى من, وتم عن ٢٠٠٤ الجنود بريطانيا-فرنسا. وبولندا الأرواح إذ أضف, نفس هو إبّان للمجهود بالمحور, قبل ثم معاملة بالمحور بالتوقيع.', '0', 0),
(4, 'الأداة والتكنولوجيا', 6, 'ذلك وبعدما وقوعها، أم, تُصب ونتج حول عن. أن فرنسا لمحاكم تلك, يكن ان وتتحمّل الساحلية. يذكر الأول إتفاقية مما أي, كلّ ٣٠ دفّة العالم. بها بـ عقبت السفن الثالث, الأول الانجليزية أخر أي, فكان أفاق عدد بل. واتّجه قُدُماً التخطيط بل لان, والنفيس وبالتحديد، يتم عل, إذ بعد تحرير ترتيب الوزراء.\r\n\r\nأم السبب التّحول واشتدّت يتم, ٣٠ أضف ليركز قتيل، المعاهدات, أم مئات الشرق، أخر. أوسع الطريق هو جعل, كل وجهان الصين الضروري عرض. خيار قادة لعملة على ما, فسقط الشمال ما بعض. حتى في مليارات والإتحاد, هو كلا لفرنسا الخطّة, عرض أي المضي الصين. أضف تاريخ لإنعدام الولايات في. بعد ليرتفع التحالف التجارية هو, هو الذود لإعلان كلّ, ثمّة المجتمع الإكتفاء يبق ثم.\r\n\r\nثم جُل وترك وانتهاءً التقليدي. هو إيو محاولات البولندي. عرض عل كردة ميناء المنتصر, كان لدحر أوسع فرنسية ان. منتصف بالرّغم لم أخذ. بـ دون لهذه نهاية وباستثناء.\r\n\r\nعرض الآخر لليابان الأوروبية تم, قد التي كُلفة المتساقطة، ذلك. مرجع لكون سياسة مع أخر. وحتى النفط بالسيطرة مع ومن, وفي أم واحدة الشهير. أخذ عن وأزيز بمحاولة الأمريكية. بال كل ووصف منتصف ولاتّساع, يكن و الأول الإتحاد. حدى بـ ايطاليا، الأثناء،, هو بلاده العصبة فصل, والتي يعادل نفس بل.\r\n\r\nمكن المنتصر والروسية الموسوعة أم. أن بحق فقامت حادثة الرئيسية, هذه تعداد وعُرفت بتطويق أم. هذه أهّل مقاومة الاندونيسية قد, انه وبدون واستمرت كل. حتى وبدون فكانت الإطلاق في, بعد تصفح سكان وقامت أم, يكن الأمم إستعمل أم. وبعض الأمم بـ ذات, إجلاء استدعى الأوروبية، أما عن, ما جنوب الدول الأمور بلا.\r\n\r\nكان الخاسر الساحل أن, و أضف يتمكن مكثّفة. كلّ الجوي تجهيز الأوروبي في, سقطت الطريق أوراقهم في بين. هامش بالحرب الباهضة لكل قد. عل صفحة عُقر وتنامت أخذ. أطراف العناد كلّ بل.\r\n\r\nحتى للسيطرة المتاخمة عل. طوكيو الشهيرة جهة أن, من جعل يونيو الأولية, عن جعل سقطت الستار. بشكل بمعارضة بالمطالبة ٣٠ ذات, قد بعض إبّان ماليزيا، الأوروبي. ذات ما وجهان الأوروبيّون, يقوم استمرار وتم إذ, أوراقهم الانجليزية يبق عن. حدى ٣٠ الصفحات الأوربيين, أراض الأولى فقد ان, وبعد بتخصيص ثم بعد.\r\n\r\nعدم هو ساعة الساحلية, أن بينما السيطرة أضف. وبحلول استعملت تعد بـ. تم للصين أصقاع الفترة نفس. سابق لمحاكم عن حول, أي بلا جنوب والإتحاد التغييرات.\r\n\r\nكلّ ان مئات الأمور الشتاء،. عن بعض أحكم تكبّد العصبة, يتم ٢٠٠٤ بالمحور العالمية هو. رجوعهم الحدود الإتحاد لان عن, كما و مليون وهولندا،. بسبب استبدال وتتحمّل لم عدد, قائمة بتحدّي بالسيطرة الى ما. يقوم الشطر العمليات كما و, عل نفس لفشل نهاية.\r\n\r\nعن حكومة بتطويق أخذ, مايو مرجع معقل هو لكل. ذلك قد بتطويق الضغوط, مع تحت ودول تزامناً. يرتبط بالسيطرة حتى من, وتم عن ٢٠٠٤ الجنود بريطانيا-فرنسا. وبولندا الأرواح إذ أضف, نفس هو إبّان للمجهود بالمحور, قبل ثم معاملة بالمحور بالتوقيع.', '0', 0);

-- --------------------------------------------------------

--
-- Dumping data for table `news_to_news_categories`
--
TRUNCATE `news_to_news_categories`;

INSERT INTO `news_to_news_categories` (`news_id`, `categories_id`, `created_at`, `updated_at`) VALUES
(1, 4, '2019-09-18 11:17:41', '2020-04-01 05:12:31'),
(2, 3, '2019-09-18 11:23:26', '2019-10-01 12:25:20'),
(3, 4, '2019-09-24 12:02:25', '2019-10-01 12:25:44'),
(4, 3, '2019-09-24 12:03:19', '2019-10-01 12:26:07'),
(5, 4, '2019-09-24 12:31:11', '2019-10-01 12:26:45'),
(6, 3, '2019-09-24 12:33:17', '2019-10-01 12:27:01');


-- --------------------------------------------------------


--
-- Dumping data for table `products`
--
TRUNCATE `products`;

INSERT INTO `products` (`products_id`, `products_quantity`, `products_model`, `products_image`, `products_price`, `products_date_added`, `products_last_modified`, `products_date_available`, `products_weight`, `products_weight_unit`, `products_status`, `is_current`, `products_tax_class_id`, `manufacturers_id`, `products_ordered`, `products_liked`, `low_limit`, `is_feature`, `products_slug`, `products_type`, `products_min_order`, `products_max_stock`, `created_at`, `updated_at`) VALUES
(1, 0, 'fresh', '412', 85.00, '2020-04-05 01:10:00', NULL, NULL, '0.500', NULL, 1, 1, 0, NULL, 0, 1, 0, 1, 'casual-tracksuit-children-boy', 0, 1, 0, '2019-09-17 11:06:27', '2019-10-01 12:17:25'),
(2, 0, 'fresh', '408', 60.00, '2020-04-05 01:10:00', NULL, NULL, '0.370', NULL, 1, 1, 0, NULL, 0, 0, 0, 0, 'fashion-plaid-boy-clothing-set', 0, 1, 0, '2019-09-17 11:20:43', '2019-10-01 12:16:55'),
(3, 0, 'fresh', '405', 55.00, '2020-04-05 01:10:00', NULL, NULL, '0.800', NULL, 1, 1, 0, NULL, 0, 0, 0, 0, 'cosplay-minnie-mouse-dress', 0, 1, 0, '2019-09-17 11:28:04', '2019-10-01 12:16:24'),
(4, 0, NULL, '400', 90.00, '2020-04-05 01:10:00', NULL, NULL, '1.00', NULL, 1, 1, 0, NULL, 0, 0, 0, 0, 'princess-flower-girl-dress', 1, 1, 0, '2019-09-17 11:31:56', '2019-10-01 12:15:47'),
(5, 0, 'fresh', '395', 45.00, '2020-04-05 01:10:00', NULL, NULL, '0.200', NULL, 1, 1, 0, NULL, 0, 0, 0, 0, 'casual-breathable-outdoor-kids-sneakers', 0, 1, 0, '2019-09-17 11:51:32', '2019-10-01 12:15:21'),
(6, 0, 'fresh', '390', 30.00, '2020-04-05 01:10:00', NULL, NULL, '0.150', NULL, 1, 1, 0, NULL, 0, 0, 0, 1, 'alloy-military-quartz-watch-man', 0, 1, 0, '2019-09-17 12:01:11', '2019-10-01 12:14:48'),
(7, -3, 'fresh', '385', 25.00, '2020-04-05 01:10:00', NULL, NULL, '0.125', NULL, 1, 1, 0, NULL, 3, 0, 0, 1, 'men-s-cotton-classic-baseball-cap', 0, 1, 0, '2019-09-17 12:18:31', '2020-04-02 11:12:24'),
(8, 0, 'fresh', '383', 32.00, '2020-04-05 01:10:00', NULL, NULL, '0.225', NULL, 1, 1, 0, NULL, 0, 0, 0, 0, 'carrot-fitt-jeans', 1, 1, 0, '2019-09-17 12:24:49', '2019-10-01 12:10:52'),
(9, 0, 'fresh', '378', 15.00, '2020-04-05 01:10:00', NULL, NULL, '0.125', NULL, 1, 1, 0, NULL, 0, 0, 0, 1, 'casual-cotton-jeans-for-men', 0, 1, 0, '2019-09-17 12:30:05', '2019-10-01 12:09:48'),
(10, 0, 'fresh', '375', 28.00, '2020-04-05 01:10:00', NULL, NULL, '0.125', NULL, 1, 1, 0, NULL, 0, 0, 0, 0, 'super-skinny-fitt-jeans', 0, 1, 0, '2019-09-17 12:39:51', '2019-10-01 12:07:51'),
(11, 0, 'fresh', '372', 21.00, '2020-04-05 01:10:00', NULL, NULL, '0.100', NULL, 1, 1, 0, NULL, 0, 0, 0, 0, 'dotted-casual-shirt-for-men', 1, 1, 0, '2019-09-17 12:45:49', '2019-10-01 12:05:34'),
(12, 0, NULL, '367', 18.00, '2020-04-05 01:10:00', NULL, NULL, '0.100', NULL, 1, 1, 0, NULL, 0, 0, 0, 0, 'juventus-henley-neck-tshirt', 0, 1, 0, '2019-09-17 12:50:49', '2019-10-01 12:04:50'),
(13, 0, NULL, '364', 34.00, '2020-04-05 01:10:00', NULL, NULL, '0.100', NULL, 1, 1, 0, NULL, 0, 0, 0, 0, 'men-polo-casual-shirt', 1, 1, 0, '2019-09-17 12:55:20', '2019-10-01 12:02:22'),
(14, 0, 'fresh', '359', 39.99, '2020-04-05 01:10:00', NULL, NULL, '0.450', NULL, 1, 1, 0, NULL, 0, 0, 0, 1, 'brock-knitted-mesh-casual-oxford-sneakers', 0, 1, 0, '2019-09-17 01:00:29', '2019-10-01 12:01:22'),
(15, 0, NULL, '355', 48.00, '2020-04-05 01:10:00', NULL, NULL, '0.350', NULL, 1, 1, 0, NULL, 0, 0, 0, 0, 'light-man-lace-up-shoes', 0, 1, 0, '2019-09-17 01:03:15', '2019-10-01 12:00:03'),
(16, -1, NULL, '350', 52.00, '2020-04-05 01:10:00', NULL, NULL, '0.500', NULL, 1, 1, 0, NULL, 1, 0, 0, 0, 'mesh-breathable-men-s-sneakers', 0, 1, 0, '2019-09-17 01:07:07', '2019-10-01 11:59:13'),
(17, 0, NULL, '344', 19.00, '2020-04-05 01:10:00', NULL, NULL, '0.125', NULL, 1, 1, 0, NULL, 0, 0, 0, 0, 'fashion-foldable-beach-sun-hat', 0, 1, 0, '2019-09-17 01:13:05', '2019-10-01 11:58:31'),
(18, 0, NULL, '339', 36.99, '2020-04-05 01:10:00', NULL, NULL, '0.200', NULL, 1, 1, 0, NULL, 0, 0, 0, 1, 'women-magnet-buckle-quartz-watch', 0, 1, 0, '2019-09-17 01:15:40', '2019-10-01 11:58:01'),
(19, 0, NULL, '337', 23.00, '2020-04-05 01:10:00', NULL, NULL, '0.100', NULL, 1, 1, 0, NULL, 0, 0, 0, 0, 'cotton-skirt-for-women', 0, 1, 0, '2019-09-17 01:20:25', '2019-10-01 11:57:29'),
(20, 0, NULL, '333', 90.00, '2019-09-18 07:10:39', NULL, NULL, '0.300', NULL, 1, 1, 0, NULL, 0, 0, 0, 0, 'cotton-skirt-with-buttons', 0, 1, 0, '2019-09-17 01:23:37', '2019-10-01 11:56:36'),
(21, 0, NULL, '330', 77.00, '2019-09-18 07:10:39', NULL, NULL, '0.600', NULL, 1, 1, 0, NULL, 0, 0, 0, 1, 'mid-waist-culottes-pent', 1, 1, 0, '2019-09-17 01:56:06', '2019-10-01 11:55:45'),
(22, 0, NULL, '324', 96.00, '2019-09-18 07:10:39', NULL, NULL, '0.600', NULL, 1, 1, 0, NULL, 0, 0, 0, 0, 'crystal-high-heels', 0, 1, 0, '2019-09-17 02:01:42', '2019-09-24 10:19:34'),
(24, 0, NULL, '319', 87.00, '2019-09-18 07:10:39', NULL, NULL, '0.550', NULL, 1, 1, 0, NULL, 0, 0, 0, 0, 'party-dinner-shoes-woman', 1, 1, 0, '2019-09-17 02:11:17', '2019-10-01 11:55:03'),
(25, 0, NULL, '313', 73.00, '2019-09-18 07:10:39', NULL, NULL, '0.525', NULL, 1, 1, 0, NULL, 0, 0, 0, 1, 'women-pumps-ankle-strap', 0, 1, 0, '2019-09-17 02:15:09', '2019-10-01 11:54:23'),
(26, 0, 'fresh', '310', 105.00, '2019-09-18 07:10:39', NULL, NULL, '0.525', NULL, 1, 1, 0, NULL, 0, 0, 0, 0, 'button-up-shoulder-top', 0, 1, 0, '2019-09-18 06:35:14', '2020-03-04 02:29:19'),
(27, 0, NULL, '307', 75.00, '2019-09-18 07:10:39', NULL, NULL, '0.400', NULL, 1, 1, 0, NULL, 0, 0, 0, 0, 'double-tank-shirt-for-women', 0, 1, 0, '2019-09-18 06:40:38', '2019-10-01 11:53:00'),
(28, 0, NULL, '301', 92.00, '2019-09-18 07:10:39', NULL, NULL, '0.400', NULL, 1, 1, 0, NULL, 0, 0, 0, 0, 'printed-rose-petal-shirt', 1, 1, 0, '2019-09-18 06:45:49', '2019-10-01 11:52:07'),
(29, 0, NULL, '300', 79.00, '2019-09-18 07:10:39', NULL, NULL, '0.400', NULL, 1, 1, 0, NULL, 0, 0, 0, 0, 'strip-knitwear-for-women', 0, 1, 0, '2019-09-18 06:50:40', '2019-10-01 11:51:36'),
(30, 0, NULL, '297', 130.00, '2019-09-18 07:10:39', NULL, NULL, '0.750', NULL, 1, 1, 0, NULL, 0, 0, 0, 0, 'denim-jacket-reverse', 0, 1, 0, '2019-09-18 07:00:31', '2019-10-01 11:51:05'),
(31, 0, NULL, '292', 67.00, '2019-09-18 07:10:39', NULL, NULL, '0.800', NULL, 1, 1, 0, NULL, 0, 1, 0, 0, 'quilted-gilet-hoodie', 0, 1, 0, '2019-09-18 07:05:41', '2019-10-01 11:50:24'),
(32, 0, NULL, '288', 81.00, '2019-09-18 07:10:39', NULL, NULL, '0.900', NULL, 1, 1, 0, NULL, 2, 2, 0, 0, 'straight-long-coat', 0, 1, 0, '2019-09-18 07:10:39', '2020-04-02 06:08:37');

-- --------------------------------------------------------

--
-- Dumping data for table `products_attributes`
--
TRUNCATE `products_attributes`;

INSERT INTO `products_attributes` (`products_attributes_id`, `products_id`, `options_id`, `options_values_id`, `options_values_price`, `price_prefix`, `is_default`) VALUES
(1, 4, 1, 1, 0.00, '+', 1),
(2, 4, 1, 2, 0.00, '+', 1),
(3, 4, 1, 3, 0.00, '+', 1),
(4, 4, 1, 4, 0.00, '+', 1),
(5, 8, 3, 9, 0.00, '+', 1),
(6, 8, 3, 10, 0.00, '+', 1),
(7, 8, 3, 11, 0.00, '+', 1),
(8, 8, 3, 12, 0.00, '+', 1),
(9, 11, 2, 5, 0.00, '+', 1),
(10, 11, 2, 7, 0.00, '+', 1),
(11, 13, 2, 5, 0.00, '+', 1),
(12, 13, 2, 6, 0.00, '+', 1),
(13, 13, 2, 8, 0.00, '+', 1),
(14, 21, 1, 1, 0.00, '+', 1),
(15, 21, 1, 4, 0.00, '+', 1),
(19, 24, 1, 4, 0.00, '+', 1),
(18, 24, 1, 1, 0.00, '+', 1),
(20, 28, 2, 5, 0.00, '+', 1),
(21, 28, 2, 6, 0.00, '+', 1);

-- --------------------------------------------------------

--
-- Dumping data for table `products_description`
--
TRUNCATE `products_description`;

INSERT INTO `products_description` (`id`, `products_id`, `language_id`, `products_name`, `products_description`, `products_url`, `products_viewed`, `products_left_banner`, `products_left_banner_start_date`, `products_left_banner_expire_date`, `products_right_banner`, `products_right_banner_start_date`, `products_right_banner_expire_date`) VALUES
(1, 1, 1, 'Casual Tracksuit Children Boy', '<p>Lorem Ipsum is simply dummy text of the printing and typesetting industry. Lorem Ipsum has been the industry&rsquo;s standard dummy text ever since the 1500s, when an unknown printer took a galley of type and scrambled it to make a type specimen book. It has survived not only five centuries, but also the leap into electronic typesetting, remaining essentially unchanged. It was popularised in the 1960s with the release of Letraset sheets containing Lorem Ipsum passages, and more recently with desktop publishing software like Aldus PageMaker including versions of Lorem Ipsum.</p>', NULL, 0, NULL, 0, 0, NULL, 0, 0),
(2, 2, 1, 'Fashion Plaid Boy Clothing Set', '<p>Lorem Ipsum is simply dummy text of the printing and typesetting industry. Lorem Ipsum has been the industry&rsquo;s standard dummy text ever since the 1500s, when an unknown printer took a galley of type and scrambled it to make a type specimen book. It has survived not only five centuries, but also the leap into electronic typesetting, remaining essentially unchanged. It was popularised in the 1960s with the release of Letraset sheets containing Lorem Ipsum passages, and more recently with desktop publishing software like Aldus PageMaker including versions of Lorem Ipsum.</p>', NULL, 0, NULL, 0, 0, NULL, 0, 0),
(3, 3, 1, 'Cosplay Minnie Mouse Dress', '<p>Lorem Ipsum is simply dummy text of the printing and typesetting industry. Lorem Ipsum has been the industry&rsquo;s standard dummy text ever since the 1500s, when an unknown printer took a galley of type and scrambled it to make a type specimen book. It has survived not only five centuries, but also the leap into electronic typesetting, remaining essentially unchanged. It was popularised in the 1960s with the release of Letraset sheets containing Lorem Ipsum passages, and more recently with desktop publishing software like Aldus PageMaker including versions of Lorem Ipsum.</p>', NULL, 0, NULL, 0, 0, NULL, 0, 0),
(4, 4, 1, 'Princess Flower Girl Dress', '<p>Lorem Ipsum is simply dummy text of the printing and typesetting industry. Lorem Ipsum has been the industry&rsquo;s standard dummy text ever since the 1500s, when an unknown printer took a galley of type and scrambled it to make a type specimen book. It has survived not only five centuries, but also the leap into electronic typesetting, remaining essentially unchanged. It was popularised in the 1960s with the release of Letraset sheets containing Lorem Ipsum passages, and more recently with desktop publishing software like Aldus PageMaker including versions of Lorem Ipsum.</p>', NULL, 0, NULL, 0, 0, NULL, 0, 0),
(5, 5, 1, 'Casual Breathable Outdoor Kids Sneakers', '<p>Lorem Ipsum is simply dummy text of the printing and typesetting industry. Lorem Ipsum has been the industry&rsquo;s standard dummy text ever since the 1500s, when an unknown printer took a galley of type and scrambled it to make a type specimen book. It has survived not only five centuries, but also the leap into electronic typesetting, remaining essentially unchanged. It was popularised in the 1960s with the release of Letraset sheets containing Lorem Ipsum passages, and more recently with desktop publishing software like Aldus PageMaker including versions of Lorem Ipsum.</p>', NULL, 0, NULL, 0, 0, NULL, 0, 0),
(6, 6, 1, 'Alloy Military Quartz watch man', '<p>Lorem Ipsum is simply dummy text of the printing and typesetting industry. Lorem Ipsum has been the industry&rsquo;s standard dummy text ever since the 1500s, when an unknown printer took a galley of type and scrambled it to make a type specimen book. It has survived not only five centuries, but also the leap into electronic typesetting, remaining essentially unchanged. It was popularised in the 1960s with the release of Letraset sheets containing Lorem Ipsum passages, and more recently with desktop publishing software like Aldus PageMaker including versions of Lorem Ipsum.</p>', NULL, 0, NULL, 0, 0, NULL, 0, 0),
(7, 7, 1, 'Mens Cotton Classic Baseball Cap', '<p>Lorem Ipsum is simply dummy text of the printing and typesetting industry. Lorem Ipsum has been the industry&rsquo;s standard dummy text ever since the 1500s, when an unknown printer took a galley of type and scrambled it to make a type specimen book. It has survived not only five centuries, but also the leap into electronic typesetting, remaining essentially unchanged. It was popularised in the 1960s with the release of Letraset sheets containing Lorem Ipsum passages, and more recently with desktop publishing software like Aldus PageMaker including versions of Lorem Ipsum.</p>', NULL, 0, NULL, 0, 0, NULL, 0, 0),
(8, 8, 1, 'Carrot Fitt Jeans', '<p>Lorem Ipsum is simply dummy text of the printing and typesetting industry. Lorem Ipsum has been the industry&rsquo;s standard dummy text ever since the 1500s, when an unknown printer took a galley of type and scrambled it to make a type specimen book. It has survived not only five centuries, but also the leap into electronic typesetting, remaining essentially unchanged. It was popularised in the 1960s with the release of Letraset sheets containing Lorem Ipsum passages, and more recently with desktop publishing software like Aldus PageMaker including versions of Lorem Ipsum.</p>', NULL, 0, NULL, 0, 0, NULL, 0, 0),
(9, 9, 1, 'Casual Cotton Jeans for Men', '<p>Lorem Ipsum is simply dummy text of the printing and typesetting industry. Lorem Ipsum has been the industry&rsquo;s standard dummy text ever since the 1500s, when an unknown printer took a galley of type and scrambled it to make a type specimen book. It has survived not only five centuries, but also the leap into electronic typesetting, remaining essentially unchanged. It was popularised in the 1960s with the release of Letraset sheets containing Lorem Ipsum passages, and more recently with desktop publishing software like Aldus PageMaker including versions of Lorem Ipsum.</p>', NULL, 0, '161', 0, 0, '161', 0, 0),
(10, 10, 1, 'Super Skinny fitt Jeans', '<p>Lorem Ipsum is simply dummy text of the printing and typesetting industry. Lorem Ipsum has been the industry&rsquo;s standard dummy text ever since the 1500s, when an unknown printer took a galley of type and scrambled it to make a type specimen book. It has survived not only five centuries, but also the leap into electronic typesetting, remaining essentially unchanged. It was popularised in the 1960s with the release of Letraset sheets containing Lorem Ipsum passages, and more recently with desktop publishing software like Aldus PageMaker including versions of Lorem Ipsum.</p>', NULL, 0, '163', 0, 0, '163', 0, 0),
(11, 11, 1, 'Dotted Casual Shirt for men', '<p>Lorem Ipsum is simply dummy text of the printing and typesetting industry. Lorem Ipsum has been the industry&rsquo;s standard dummy text ever since the 1500s, when an unknown printer took a galley of type and scrambled it to make a type specimen book. It has survived not only five centuries, but also the leap into electronic typesetting, remaining essentially unchanged. It was popularised in the 1960s with the release of Letraset sheets containing Lorem Ipsum passages, and more recently with desktop publishing software like Aldus PageMaker including versions of Lorem Ipsum.</p>', NULL, 0, NULL, 0, 0, NULL, 0, 0),
(12, 12, 1, 'Juventus Henley Neck Tshirt', '<p>Lorem Ipsum is simply dummy text of the printing and typesetting industry. Lorem Ipsum has been the industry&rsquo;s standard dummy text ever since the 1500s, when an unknown printer took a galley of type and scrambled it to make a type specimen book. It has survived not only five centuries, but also the leap into electronic typesetting, remaining essentially unchanged. It was popularised in the 1960s with the release of Letraset sheets containing Lorem Ipsum passages, and more recently with desktop publishing software like Aldus PageMaker including versions of Lorem Ipsum.</p>', NULL, 0, NULL, 0, 0, NULL, 0, 0),
(13, 13, 1, 'Men Polo Casual Shirt', '<p>Lorem Ipsum is simply dummy text of the printing and typesetting industry. Lorem Ipsum has been the industry&rsquo;s standard dummy text ever since the 1500s, when an unknown printer took a galley of type and scrambled it to make a type specimen book. It has survived not only five centuries, but also the leap into electronic typesetting, remaining essentially unchanged. It was popularised in the 1960s with the release of Letraset sheets containing Lorem Ipsum passages, and more recently with desktop publishing software like Aldus PageMaker including versions of Lorem Ipsum.</p>', NULL, 0, NULL, 0, 0, NULL, 0, 0),
(14, 14, 1, 'Brock Knitted Mesh Casual Oxford Sneakers', '<p>Lorem Ipsum is simply dummy text of the printing and typesetting industry. Lorem Ipsum has been the industry&rsquo;s standard dummy text ever since the 1500s, when an unknown printer took a galley of type and scrambled it to make a type specimen book. It has survived not only five centuries, but also the leap into electronic typesetting, remaining essentially unchanged. It was popularised in the 1960s with the release of Letraset sheets containing Lorem Ipsum passages, and more recently with desktop publishing software like Aldus PageMaker including versions of Lorem Ipsum.</p>', NULL, 0, NULL, 0, 0, NULL, 0, 0),
(15, 15, 1, 'Light Man Lace-up Shoes', '<p>Lorem Ipsum is simply dummy text of the printing and typesetting industry. Lorem Ipsum has been the industry&rsquo;s standard dummy text ever since the 1500s, when an unknown printer took a galley of type and scrambled it to make a type specimen book. It has survived not only five centuries, but also the leap into electronic typesetting, remaining essentially unchanged. It was popularised in the 1960s with the release of Letraset sheets containing Lorem Ipsum passages, and more recently with desktop publishing software like Aldus PageMaker including versions of Lorem Ipsum.</p>', NULL, 0, '182', 0, 0, '182', 0, 0),
(16, 16, 1, 'Mesh Breathable Mens Sneakers', '<p>Lorem Ipsum is simply dummy text of the printing and typesetting industry. Lorem Ipsum has been the industry&rsquo;s standard dummy text ever since the 1500s, when an unknown printer took a galley of type and scrambled it to make a type specimen book. It has survived not only five centuries, but also the leap into electronic typesetting, remaining essentially unchanged. It was popularised in the 1960s with the release of Letraset sheets containing Lorem Ipsum passages, and more recently with desktop publishing software like Aldus PageMaker including versions of Lorem Ipsum.</p>', NULL, 0, NULL, 0, 0, NULL, 0, 0),
(17, 17, 1, 'Fashion Foldable Beach Sun Hat', '<p>Lorem Ipsum is simply dummy text of the printing and typesetting industry. Lorem Ipsum has been the industry&rsquo;s standard dummy text ever since the 1500s, when an unknown printer took a galley of type and scrambled it to make a type specimen book. It has survived not only five centuries, but also the leap into electronic typesetting, remaining essentially unchanged. It was popularised in the 1960s with the release of Letraset sheets containing Lorem Ipsum passages, and more recently with desktop publishing software like Aldus PageMaker including versions of Lorem Ipsum.</p>', NULL, 0, NULL, 0, 0, NULL, 0, 0),
(18, 18, 1, 'Women Magnet Buckle Quartz Watch', '<p>Lorem Ipsum is simply dummy text of the printing and typesetting industry. Lorem Ipsum has been the industry&rsquo;s standard dummy text ever since the 1500s, when an unknown printer took a galley of type and scrambled it to make a type specimen book. It has survived not only five centuries, but also the leap into electronic typesetting, remaining essentially unchanged. It was popularised in the 1960s with the release of Letraset sheets containing Lorem Ipsum passages, and more recently with desktop publishing software like Aldus PageMaker including versions of Lorem Ipsum.</p>', NULL, 0, '197', 0, 0, '197', 0, 0),
(19, 19, 1, 'Cotton Skirt For Women', '<p>Lorem Ipsum is simply dummy text of the printing and typesetting industry. Lorem Ipsum has been the industry&rsquo;s standard dummy text ever since the 1500s, when an unknown printer took a galley of type and scrambled it to make a type specimen book. It has survived not only five centuries, but also the leap into electronic typesetting, remaining essentially unchanged. It was popularised in the 1960s with the release of Letraset sheets containing Lorem Ipsum passages, and more recently with desktop publishing software like Aldus PageMaker including versions of Lorem Ipsum.</p>', NULL, 0, NULL, 0, 0, NULL, 0, 0),
(20, 20, 1, 'Cotton skirt with Buttons', '<p>Lorem Ipsum is simply dummy text of the printing and typesetting industry. Lorem Ipsum has been the industry&rsquo;s standard dummy text ever since the 1500s, when an unknown printer took a galley of type and scrambled it to make a type specimen book. It has survived not only five centuries, but also the leap into electronic typesetting, remaining essentially unchanged. It was popularised in the 1960s with the release of Letraset sheets containing Lorem Ipsum passages, and more recently with desktop publishing software like Aldus PageMaker including versions of Lorem Ipsum.</p>', NULL, 0, NULL, 0, 0, NULL, 0, 0),
(21, 21, 1, 'Mid waist culottes  Pent', '<p>Lorem Ipsum is simply dummy text of the printing and typesetting industry. Lorem Ipsum has been the industry&rsquo;s standard dummy text ever since the 1500s, when an unknown printer took a galley of type and scrambled it to make a type specimen book. It has survived not only five centuries, but also the leap into electronic typesetting, remaining essentially unchanged. It was popularised in the 1960s with the release of Letraset sheets containing Lorem Ipsum passages, and more recently with desktop publishing software like Aldus PageMaker including versions of Lorem Ipsum.</p>', NULL, 0, '210', 0, 0, '210', 0, 0),
(22, 22, 1, 'Crystal High Heels', '<p>Lorem Ipsum is simply dummy text of the printing and typesetting industry. Lorem Ipsum has been the industry&rsquo;s standard dummy text ever since the 1500s, when an unknown printer took a galley of type and scrambled it to make a type specimen book. It has survived not only five centuries, but also the leap into electronic typesetting, remaining essentially unchanged. It was popularised in the 1960s with the release of Letraset sheets containing Lorem Ipsum passages, and more recently with desktop publishing software like Aldus PageMaker including versions of Lorem Ipsum.</p>', NULL, 0, NULL, 0, 0, NULL, 0, 0),
(24, 24, 1, 'Party Dinner Shoes Woman', '<p>Lorem Ipsum is simply dummy text of the printing and typesetting industry. Lorem Ipsum has been the industry&rsquo;s standard dummy text ever since the 1500s, when an unknown printer took a galley of type and scrambled it to make a type specimen book. It has survived not only five centuries, but also the leap into electronic typesetting, remaining essentially unchanged. It was popularised in the 1960s with the release of Letraset sheets containing Lorem Ipsum passages, and more recently with desktop publishing software like Aldus PageMaker including versions of Lorem Ipsum.</p>', NULL, 0, '218', 0, 0, '218', 0, 0),
(25, 25, 1, 'Women Pumps Ankle Strap', '<p>Lorem Ipsum is simply dummy text of the printing and typesetting industry. Lorem Ipsum has been the industry&rsquo;s standard dummy text ever since the 1500s, when an unknown printer took a galley of type and scrambled it to make a type specimen book. It has survived not only five centuries, but also the leap into electronic typesetting, remaining essentially unchanged. It was popularised in the 1960s with the release of Letraset sheets containing Lorem Ipsum passages, and more recently with desktop publishing software like Aldus PageMaker including versions of Lorem Ipsum.</p>', NULL, 0, '222', 0, 0, '222', 0, 0),
(26, 26, 1, 'Button up  Shoulder Top', '<p>Lorem Ipsum is simply dummy text of the printing and typesetting industry. Lorem Ipsum has been the industry&rsquo;s standard dummy text ever since the 1500s, when an unknown printer took a galley of type and scrambled it to make a type specimen book. It has survived not only five centuries, but also the leap into electronic typesetting, remaining essentially unchanged. It was popularised in the 1960s with the release of Letraset sheets containing Lorem Ipsum passages, and more recently with desktop publishing software like Aldus PageMaker including versions of Lorem Ipsum.</p>', NULL, 0, NULL, 0, 0, NULL, 0, 0),
(27, 27, 1, 'Double Tank Shirt for Women', '<p>Lorem Ipsum is simply dummy text of the printing and typesetting industry. Lorem Ipsum has been the industry&rsquo;s standard dummy text ever since the 1500s, when an unknown printer took a galley of type and scrambled it to make a type specimen book. It has survived not only five centuries, but also the leap into electronic typesetting, remaining essentially unchanged. It was popularised in the 1960s with the release of Letraset sheets containing Lorem Ipsum passages, and more recently with desktop publishing software like Aldus PageMaker including versions of Lorem Ipsum.</p>', NULL, 0, '235', 0, 0, '235', 0, 0),
(28, 28, 1, 'Printed Rose Petal Shirt', '<p>Lorem Ipsum is simply dummy text of the printing and typesetting industry. Lorem Ipsum has been the industry&rsquo;s standard dummy text ever since the 1500s, when an unknown printer took a galley of type and scrambled it to make a type specimen book. It has survived not only five centuries, but also the leap into electronic typesetting, remaining essentially unchanged. It was popularised in the 1960s with the release of Letraset sheets containing Lorem Ipsum passages, and more recently with desktop publishing software like Aldus PageMaker including versions of Lorem Ipsum.</p>', NULL, 0, NULL, 0, 0, NULL, 0, 0),
(29, 29, 1, 'Strip Knitwear for women', '<p>Lorem Ipsum is simply dummy text of the printing and typesetting industry. Lorem Ipsum has been the industry&rsquo;s standard dummy text ever since the 1500s, when an unknown printer took a galley of type and scrambled it to make a type specimen book. It has survived not only five centuries, but also the leap into electronic typesetting, remaining essentially unchanged. It was popularised in the 1960s with the release of Letraset sheets containing Lorem Ipsum passages, and more recently with desktop publishing software like Aldus PageMaker including versions of Lorem Ipsum.</p>', NULL, 0, NULL, 0, 0, NULL, 0, 0),
(30, 30, 1, 'Denim jacket reverse', '<p>Lorem Ipsum is simply dummy text of the printing and typesetting industry. Lorem Ipsum has been the industry&rsquo;s standard dummy text ever since the 1500s, when an unknown printer took a galley of type and scrambled it to make a type specimen book. It has survived not only five centuries, but also the leap into electronic typesetting, remaining essentially unchanged. It was popularised in the 1960s with the release of Letraset sheets containing Lorem Ipsum passages, and more recently with desktop publishing software like Aldus PageMaker including versions of Lorem Ipsum.</p>', NULL, 0, NULL, 0, 0, NULL, 0, 0),
(31, 31, 1, 'Quilted gilet hoodie', '<p>Lorem Ipsum is simply dummy text of the printing and typesetting industry. Lorem Ipsum has been the industry&rsquo;s standard dummy text ever since the 1500s, when an unknown printer took a galley of type and scrambled it to make a type specimen book. It has survived not only five centuries, but also the leap into electronic typesetting, remaining essentially unchanged. It was popularised in the 1960s with the release of Letraset sheets containing Lorem Ipsum passages, and more recently with desktop publishing software like Aldus PageMaker including versions of Lorem Ipsum.</p>', NULL, 0, NULL, 0, 0, NULL, 0, 0),
(32, 32, 1, 'Straight long coat', '<p>Lorem Ipsum is simply dummy text of the printing and typesetting industry. Lorem Ipsum has been the industry&rsquo;s standard dummy text ever since the 1500s</p>', NULL, 0, NULL, 0, 0, NULL, 0, 0),
(36, 32, 4, 'معطف طويل مستقيم', '<p>ذلك وبعدما وقوعها، أم, تُصب ونتج حول عن. أن فرنسا لمحاكم تلك, يكن ان وتتحمّل الساحلية. يذكر الأول إتفاقية مما أي, كلّ ٣٠ دفّة العالم. بها بـ عقبت السفن الثالث, الأول الانجليزية أخر أي, فكان أفاق عدد بل. واتّجه قُدُماً التخطيط بل لان, والنفيس وبالتحديد، يتم عل, إذ بعد تحرير ترتيب الوزراء. أم السبب التّحول واشتدّت يتم, ٣٠ أضف ليركز قتيل، المعاهدات, أم مئات الشرق، أخر. أوسع الطريق هو جعل, كل وجهان الصين الضروري عرض. خيار قادة لعملة على ما, فسقط الشمال ما بعض. حتى في مليارات والإتحاد, هو كلا لفرنسا الخطّة, عرض أي المضي الصين. أضف تاريخ لإنعدام الولايات في. بعد ليرتفع التحالف التجارية هو, هو الذود لإعلان كلّ, ثمّة المجتمع الإكتفاء يبق ثم. ثم جُل وترك وانتهاءً التقليدي. هو إيو محاولات البولندي. عرض عل كردة ميناء المنتصر, كان لدحر أوسع فرنسية ان. منتصف بالرّغم لم أخذ. بـ دون لهذه نهاية وباستثناء. عرض الآخر لليابان الأوروبية تم, قد التي كُلفة المتساقطة، ذلك. مرجع لكون سياسة مع أخر. وحتى النفط بالسيطرة مع ومن, وفي أم واحدة الشهير. أخذ عن وأزيز بمحاولة الأمريكية. بال كل ووصف منتصف ولاتّساع, يكن و الأول الإتحاد. حدى بـ ايطاليا، الأثناء،, هو بلاده العصبة فصل, والتي يعادل نفس بل. مكن المنتصر والروسية الموسوعة أم. أن بحق فقامت حادثة الرئيسية, هذه تعداد وعُرفت بتطويق أم. هذه أهّل مقاومة الاندونيسية قد, انه وبدون واستمرت كل. حتى وبدون فكانت الإطلاق في, بعد تصفح سكان وقامت أم, يكن الأمم إستعمل أم. وبعض الأمم بـ ذات, إجلاء استدعى الأوروبية، أما عن, ما جنوب الدول الأمور بلا. كان الخاسر الساحل أن, و أضف يتمكن مكثّفة. كلّ الجوي تجهيز الأوروبي في, سقطت الطريق أوراقهم في بين. هامش بالحرب الباهضة لكل قد. عل صفحة عُقر وتنامت أخذ. أطراف العناد كلّ بل. حتى للسيطرة المتاخمة عل. طوكيو الشهيرة جهة أن, من جعل يونيو الأولية, عن جعل سقطت الستار. بشكل بمعارضة بالمطالبة ٣٠ ذات, قد بعض إبّان ماليزيا، الأوروبي. ذات ما وجهان الأوروبيّون, يقوم استمرار وتم إذ, أوراقهم الانجليزية يبق عن. حدى ٣٠ الصفحات الأوربيين, أراض الأولى فقد ان, وبعد بتخصيص ثم بعد. عدم هو ساعة الساحلية, أن بينما السيطرة أضف. وبحلول استعملت تعد بـ. تم للصين أصقاع الفترة نفس. سابق لمحاكم عن حول, أي بلا جنوب والإتحاد التغييرات. كلّ ان مئات الأمور الشتاء،. عن بعض أحكم تكبّد العصبة, يتم ٢٠٠٤ بالمحور العالمية هو. رجوعهم الحدود الإتحاد لان عن, كما و مليون وهولندا،. بسبب استبدال وتتحمّل لم عدد, قائمة بتحدّي بالسيطرة الى ما. يقوم الشطر العمليات كما و, عل نفس لفشل نهاية. عن حكومة بتطويق أخذ, مايو مرجع معقل هو لكل. ذلك قد بتطويق الضغوط, مع تحت ودول تزامناً. يرتبط بالسيطرة حتى من, وتم عن ٢٠٠٤ الجنود بريطانيا-فرنسا. وبولندا الأرواح إذ أضف, نفس هو إبّان للمجهود بالمحور, قبل ثم معاملة بالمحور بالتوقيع.</p>', NULL, 0, NULL, 0, 0, NULL, 0, 0),
(37, 31, 4, 'هودي مبطن جيليه', 'ذلك وبعدما وقوعها، أم, تُصب ونتج حول عن. أن فرنسا لمحاكم تلك, يكن ان وتتحمّل الساحلية. يذكر الأول إتفاقية مما أي, كلّ ٣٠ دفّة العالم. بها بـ عقبت السفن الثالث, الأول الانجليزية أخر أي, فكان أفاق عدد بل. واتّجه قُدُماً التخطيط بل لان, والنفيس وبالتحديد، يتم عل, إذ بعد تحرير ترتيب الوزراء.\r\n\r\nأم السبب التّحول واشتدّت يتم, ٣٠ أضف ليركز قتيل، المعاهدات, أم مئات الشرق، أخر. أوسع الطريق هو جعل, كل وجهان الصين الضروري عرض. خيار قادة لعملة على ما, فسقط الشمال ما بعض. حتى في مليارات والإتحاد, هو كلا لفرنسا الخطّة, عرض أي المضي الصين. أضف تاريخ لإنعدام الولايات في. بعد ليرتفع التحالف التجارية هو, هو الذود لإعلان كلّ, ثمّة المجتمع الإكتفاء يبق ثم.\r\n\r\nثم جُل وترك وانتهاءً التقليدي. هو إيو محاولات البولندي. عرض عل كردة ميناء المنتصر, كان لدحر أوسع فرنسية ان. منتصف بالرّغم لم أخذ. بـ دون لهذه نهاية وباستثناء.\r\n\r\nعرض الآخر لليابان الأوروبية تم, قد التي كُلفة المتساقطة، ذلك. مرجع لكون سياسة مع أخر. وحتى النفط بالسيطرة مع ومن, وفي أم واحدة الشهير. أخذ عن وأزيز بمحاولة الأمريكية. بال كل ووصف منتصف ولاتّساع, يكن و الأول الإتحاد. حدى بـ ايطاليا، الأثناء،, هو بلاده العصبة فصل, والتي يعادل نفس بل.\r\n\r\nمكن المنتصر والروسية الموسوعة أم. أن بحق فقامت حادثة الرئيسية, هذه تعداد وعُرفت بتطويق أم. هذه أهّل مقاومة الاندونيسية قد, انه وبدون واستمرت كل. حتى وبدون فكانت الإطلاق في, بعد تصفح سكان وقامت أم, يكن الأمم إستعمل أم. وبعض الأمم بـ ذات, إجلاء استدعى الأوروبية، أما عن, ما جنوب الدول الأمور بلا.\r\n\r\nكان الخاسر الساحل أن, و أضف يتمكن مكثّفة. كلّ الجوي تجهيز الأوروبي في, سقطت الطريق أوراقهم في بين. هامش بالحرب الباهضة لكل قد. عل صفحة عُقر وتنامت أخذ. أطراف العناد كلّ بل.\r\n\r\nحتى للسيطرة المتاخمة عل. طوكيو الشهيرة جهة أن, من جعل يونيو الأولية, عن جعل سقطت الستار. بشكل بمعارضة بالمطالبة ٣٠ ذات, قد بعض إبّان ماليزيا، الأوروبي. ذات ما وجهان الأوروبيّون, يقوم استمرار وتم إذ, أوراقهم الانجليزية يبق عن. حدى ٣٠ الصفحات الأوربيين, أراض الأولى فقد ان, وبعد بتخصيص ثم بعد.\r\n\r\nعدم هو ساعة الساحلية, أن بينما السيطرة أضف. وبحلول استعملت تعد بـ. تم للصين أصقاع الفترة نفس. سابق لمحاكم عن حول, أي بلا جنوب والإتحاد التغييرات.\r\n\r\nكلّ ان مئات الأمور الشتاء،. عن بعض أحكم تكبّد العصبة, يتم ٢٠٠٤ بالمحور العالمية هو. رجوعهم الحدود الإتحاد لان عن, كما و مليون وهولندا،. بسبب استبدال وتتحمّل لم عدد, قائمة بتحدّي بالسيطرة الى ما. يقوم الشطر العمليات كما و, عل نفس لفشل نهاية.\r\n\r\nعن حكومة بتطويق أخذ, مايو مرجع معقل هو لكل. ذلك قد بتطويق الضغوط, مع تحت ودول تزامناً. يرتبط بالسيطرة حتى من, وتم عن ٢٠٠٤ الجنود بريطانيا-فرنسا. وبولندا الأرواح إذ أضف, نفس هو إبّان للمجهود بالمحور, قبل ثم معاملة بالمحور بالتوقيع.', NULL, 0, NULL, 0, 0, NULL, 0, 0),
(38, 30, 4, 'سترة الدنيم عكس', 'ذلك وبعدما وقوعها، أم, تُصب ونتج حول عن. أن فرنسا لمحاكم تلك, يكن ان وتتحمّل الساحلية. يذكر الأول إتفاقية مما أي, كلّ ٣٠ دفّة العالم. بها بـ عقبت السفن الثالث, الأول الانجليزية أخر أي, فكان أفاق عدد بل. واتّجه قُدُماً التخطيط بل لان, والنفيس وبالتحديد، يتم عل, إذ بعد تحرير ترتيب الوزراء.\r\n\r\nأم السبب التّحول واشتدّت يتم, ٣٠ أضف ليركز قتيل، المعاهدات, أم مئات الشرق، أخر. أوسع الطريق هو جعل, كل وجهان الصين الضروري عرض. خيار قادة لعملة على ما, فسقط الشمال ما بعض. حتى في مليارات والإتحاد, هو كلا لفرنسا الخطّة, عرض أي المضي الصين. أضف تاريخ لإنعدام الولايات في. بعد ليرتفع التحالف التجارية هو, هو الذود لإعلان كلّ, ثمّة المجتمع الإكتفاء يبق ثم.\r\n\r\nثم جُل وترك وانتهاءً التقليدي. هو إيو محاولات البولندي. عرض عل كردة ميناء المنتصر, كان لدحر أوسع فرنسية ان. منتصف بالرّغم لم أخذ. بـ دون لهذه نهاية وباستثناء.\r\n\r\nعرض الآخر لليابان الأوروبية تم, قد التي كُلفة المتساقطة، ذلك. مرجع لكون سياسة مع أخر. وحتى النفط بالسيطرة مع ومن, وفي أم واحدة الشهير. أخذ عن وأزيز بمحاولة الأمريكية. بال كل ووصف منتصف ولاتّساع, يكن و الأول الإتحاد. حدى بـ ايطاليا، الأثناء،, هو بلاده العصبة فصل, والتي يعادل نفس بل.\r\n\r\nمكن المنتصر والروسية الموسوعة أم. أن بحق فقامت حادثة الرئيسية, هذه تعداد وعُرفت بتطويق أم. هذه أهّل مقاومة الاندونيسية قد, انه وبدون واستمرت كل. حتى وبدون فكانت الإطلاق في, بعد تصفح سكان وقامت أم, يكن الأمم إستعمل أم. وبعض الأمم بـ ذات, إجلاء استدعى الأوروبية، أما عن, ما جنوب الدول الأمور بلا.\r\n\r\nكان الخاسر الساحل أن, و أضف يتمكن مكثّفة. كلّ الجوي تجهيز الأوروبي في, سقطت الطريق أوراقهم في بين. هامش بالحرب الباهضة لكل قد. عل صفحة عُقر وتنامت أخذ. أطراف العناد كلّ بل.\r\n\r\nحتى للسيطرة المتاخمة عل. طوكيو الشهيرة جهة أن, من جعل يونيو الأولية, عن جعل سقطت الستار. بشكل بمعارضة بالمطالبة ٣٠ ذات, قد بعض إبّان ماليزيا، الأوروبي. ذات ما وجهان الأوروبيّون, يقوم استمرار وتم إذ, أوراقهم الانجليزية يبق عن. حدى ٣٠ الصفحات الأوربيين, أراض الأولى فقد ان, وبعد بتخصيص ثم بعد.\r\n\r\nعدم هو ساعة الساحلية, أن بينما السيطرة أضف. وبحلول استعملت تعد بـ. تم للصين أصقاع الفترة نفس. سابق لمحاكم عن حول, أي بلا جنوب والإتحاد التغييرات.\r\n\r\nكلّ ان مئات الأمور الشتاء،. عن بعض أحكم تكبّد العصبة, يتم ٢٠٠٤ بالمحور العالمية هو. رجوعهم الحدود الإتحاد لان عن, كما و مليون وهولندا،. بسبب استبدال وتتحمّل لم عدد, قائمة بتحدّي بالسيطرة الى ما. يقوم الشطر العمليات كما و, عل نفس لفشل نهاية.\r\n\r\nعن حكومة بتطويق أخذ, مايو مرجع معقل هو لكل. ذلك قد بتطويق الضغوط, مع تحت ودول تزامناً. يرتبط بالسيطرة حتى من, وتم عن ٢٠٠٤ الجنود بريطانيا-فرنسا. وبولندا الأرواح إذ أضف, نفس هو إبّان للمجهود بالمحور, قبل ثم معاملة بالمحور بالتوقيع.', NULL, 0, NULL, 0, 0, NULL, 0, 0),
(39, 29, 4, 'تريكو الشريط للمرأة', 'ذلك وبعدما وقوعها، أم, تُصب ونتج حول عن. أن فرنسا لمحاكم تلك, يكن ان وتتحمّل الساحلية. يذكر الأول إتفاقية مما أي, كلّ ٣٠ دفّة العالم. بها بـ عقبت السفن الثالث, الأول الانجليزية أخر أي, فكان أفاق عدد بل. واتّجه قُدُماً التخطيط بل لان, والنفيس وبالتحديد، يتم عل, إذ بعد تحرير ترتيب الوزراء.\r\n\r\nأم السبب التّحول واشتدّت يتم, ٣٠ أضف ليركز قتيل، المعاهدات, أم مئات الشرق، أخر. أوسع الطريق هو جعل, كل وجهان الصين الضروري عرض. خيار قادة لعملة على ما, فسقط الشمال ما بعض. حتى في مليارات والإتحاد, هو كلا لفرنسا الخطّة, عرض أي المضي الصين. أضف تاريخ لإنعدام الولايات في. بعد ليرتفع التحالف التجارية هو, هو الذود لإعلان كلّ, ثمّة المجتمع الإكتفاء يبق ثم.\r\n\r\nثم جُل وترك وانتهاءً التقليدي. هو إيو محاولات البولندي. عرض عل كردة ميناء المنتصر, كان لدحر أوسع فرنسية ان. منتصف بالرّغم لم أخذ. بـ دون لهذه نهاية وباستثناء.\r\n\r\nعرض الآخر لليابان الأوروبية تم, قد التي كُلفة المتساقطة، ذلك. مرجع لكون سياسة مع أخر. وحتى النفط بالسيطرة مع ومن, وفي أم واحدة الشهير. أخذ عن وأزيز بمحاولة الأمريكية. بال كل ووصف منتصف ولاتّساع, يكن و الأول الإتحاد. حدى بـ ايطاليا، الأثناء،, هو بلاده العصبة فصل, والتي يعادل نفس بل.\r\n\r\nمكن المنتصر والروسية الموسوعة أم. أن بحق فقامت حادثة الرئيسية, هذه تعداد وعُرفت بتطويق أم. هذه أهّل مقاومة الاندونيسية قد, انه وبدون واستمرت كل. حتى وبدون فكانت الإطلاق في, بعد تصفح سكان وقامت أم, يكن الأمم إستعمل أم. وبعض الأمم بـ ذات, إجلاء استدعى الأوروبية، أما عن, ما جنوب الدول الأمور بلا.\r\n\r\nكان الخاسر الساحل أن, و أضف يتمكن مكثّفة. كلّ الجوي تجهيز الأوروبي في, سقطت الطريق أوراقهم في بين. هامش بالحرب الباهضة لكل قد. عل صفحة عُقر وتنامت أخذ. أطراف العناد كلّ بل.\r\n\r\nحتى للسيطرة المتاخمة عل. طوكيو الشهيرة جهة أن, من جعل يونيو الأولية, عن جعل سقطت الستار. بشكل بمعارضة بالمطالبة ٣٠ ذات, قد بعض إبّان ماليزيا، الأوروبي. ذات ما وجهان الأوروبيّون, يقوم استمرار وتم إذ, أوراقهم الانجليزية يبق عن. حدى ٣٠ الصفحات الأوربيين, أراض الأولى فقد ان, وبعد بتخصيص ثم بعد.\r\n\r\nعدم هو ساعة الساحلية, أن بينما السيطرة أضف. وبحلول استعملت تعد بـ. تم للصين أصقاع الفترة نفس. سابق لمحاكم عن حول, أي بلا جنوب والإتحاد التغييرات.\r\n\r\nكلّ ان مئات الأمور الشتاء،. عن بعض أحكم تكبّد العصبة, يتم ٢٠٠٤ بالمحور العالمية هو. رجوعهم الحدود الإتحاد لان عن, كما و مليون وهولندا،. بسبب استبدال وتتحمّل لم عدد, قائمة بتحدّي بالسيطرة الى ما. يقوم الشطر العمليات كما و, عل نفس لفشل نهاية.\r\n\r\nعن حكومة بتطويق أخذ, مايو مرجع معقل هو لكل. ذلك قد بتطويق الضغوط, مع تحت ودول تزامناً. يرتبط بالسيطرة حتى من, وتم عن ٢٠٠٤ الجنود بريطانيا-فرنسا. وبولندا الأرواح إذ أضف, نفس هو إبّان للمجهود بالمحور, قبل ثم معاملة بالمحور بالتوقيع.', NULL, 0, NULL, 0, 0, NULL, 0, 0),
(40, 28, 4, 'قميص بطبعات الورود', 'ذلك وبعدما وقوعها، أم, تُصب ونتج حول عن. أن فرنسا لمحاكم تلك, يكن ان وتتحمّل الساحلية. يذكر الأول إتفاقية مما أي, كلّ ٣٠ دفّة العالم. بها بـ عقبت السفن الثالث, الأول الانجليزية أخر أي, فكان أفاق عدد بل. واتّجه قُدُماً التخطيط بل لان, والنفيس وبالتحديد، يتم عل, إذ بعد تحرير ترتيب الوزراء.\r\n\r\nأم السبب التّحول واشتدّت يتم, ٣٠ أضف ليركز قتيل، المعاهدات, أم مئات الشرق، أخر. أوسع الطريق هو جعل, كل وجهان الصين الضروري عرض. خيار قادة لعملة على ما, فسقط الشمال ما بعض. حتى في مليارات والإتحاد, هو كلا لفرنسا الخطّة, عرض أي المضي الصين. أضف تاريخ لإنعدام الولايات في. بعد ليرتفع التحالف التجارية هو, هو الذود لإعلان كلّ, ثمّة المجتمع الإكتفاء يبق ثم.\r\n\r\nثم جُل وترك وانتهاءً التقليدي. هو إيو محاولات البولندي. عرض عل كردة ميناء المنتصر, كان لدحر أوسع فرنسية ان. منتصف بالرّغم لم أخذ. بـ دون لهذه نهاية وباستثناء.\r\n\r\nعرض الآخر لليابان الأوروبية تم, قد التي كُلفة المتساقطة، ذلك. مرجع لكون سياسة مع أخر. وحتى النفط بالسيطرة مع ومن, وفي أم واحدة الشهير. أخذ عن وأزيز بمحاولة الأمريكية. بال كل ووصف منتصف ولاتّساع, يكن و الأول الإتحاد. حدى بـ ايطاليا، الأثناء،, هو بلاده العصبة فصل, والتي يعادل نفس بل.\r\n\r\nمكن المنتصر والروسية الموسوعة أم. أن بحق فقامت حادثة الرئيسية, هذه تعداد وعُرفت بتطويق أم. هذه أهّل مقاومة الاندونيسية قد, انه وبدون واستمرت كل. حتى وبدون فكانت الإطلاق في, بعد تصفح سكان وقامت أم, يكن الأمم إستعمل أم. وبعض الأمم بـ ذات, إجلاء استدعى الأوروبية، أما عن, ما جنوب الدول الأمور بلا.\r\n\r\nكان الخاسر الساحل أن, و أضف يتمكن مكثّفة. كلّ الجوي تجهيز الأوروبي في, سقطت الطريق أوراقهم في بين. هامش بالحرب الباهضة لكل قد. عل صفحة عُقر وتنامت أخذ. أطراف العناد كلّ بل.\r\n\r\nحتى للسيطرة المتاخمة عل. طوكيو الشهيرة جهة أن, من جعل يونيو الأولية, عن جعل سقطت الستار. بشكل بمعارضة بالمطالبة ٣٠ ذات, قد بعض إبّان ماليزيا، الأوروبي. ذات ما وجهان الأوروبيّون, يقوم استمرار وتم إذ, أوراقهم الانجليزية يبق عن. حدى ٣٠ الصفحات الأوربيين, أراض الأولى فقد ان, وبعد بتخصيص ثم بعد.\r\n\r\nعدم هو ساعة الساحلية, أن بينما السيطرة أضف. وبحلول استعملت تعد بـ. تم للصين أصقاع الفترة نفس. سابق لمحاكم عن حول, أي بلا جنوب والإتحاد التغييرات.\r\n\r\nكلّ ان مئات الأمور الشتاء،. عن بعض أحكم تكبّد العصبة, يتم ٢٠٠٤ بالمحور العالمية هو. رجوعهم الحدود الإتحاد لان عن, كما و مليون وهولندا،. بسبب استبدال وتتحمّل لم عدد, قائمة بتحدّي بالسيطرة الى ما. يقوم الشطر العمليات كما و, عل نفس لفشل نهاية.\r\n\r\nعن حكومة بتطويق أخذ, مايو مرجع معقل هو لكل. ذلك قد بتطويق الضغوط, مع تحت ودول تزامناً. يرتبط بالسيطرة حتى من, وتم عن ٢٠٠٤ الجنود بريطانيا-فرنسا. وبولندا الأرواح إذ أضف, نفس هو إبّان للمجهود بالمحور, قبل ثم معاملة بالمحور بالتوقيع.', NULL, 0, NULL, 0, 0, NULL, 0, 0),
(41, 27, 4, 'قميص دبابات مزدوج للمرأة', 'ذلك وبعدما وقوعها، أم, تُصب ونتج حول عن. أن فرنسا لمحاكم تلك, يكن ان وتتحمّل الساحلية. يذكر الأول إتفاقية مما أي, كلّ ٣٠ دفّة العالم. بها بـ عقبت السفن الثالث, الأول الانجليزية أخر أي, فكان أفاق عدد بل. واتّجه قُدُماً التخطيط بل لان, والنفيس وبالتحديد، يتم عل, إذ بعد تحرير ترتيب الوزراء.\r\n\r\nأم السبب التّحول واشتدّت يتم, ٣٠ أضف ليركز قتيل، المعاهدات, أم مئات الشرق، أخر. أوسع الطريق هو جعل, كل وجهان الصين الضروري عرض. خيار قادة لعملة على ما, فسقط الشمال ما بعض. حتى في مليارات والإتحاد, هو كلا لفرنسا الخطّة, عرض أي المضي الصين. أضف تاريخ لإنعدام الولايات في. بعد ليرتفع التحالف التجارية هو, هو الذود لإعلان كلّ, ثمّة المجتمع الإكتفاء يبق ثم.\r\n\r\nثم جُل وترك وانتهاءً التقليدي. هو إيو محاولات البولندي. عرض عل كردة ميناء المنتصر, كان لدحر أوسع فرنسية ان. منتصف بالرّغم لم أخذ. بـ دون لهذه نهاية وباستثناء.\r\n\r\nعرض الآخر لليابان الأوروبية تم, قد التي كُلفة المتساقطة، ذلك. مرجع لكون سياسة مع أخر. وحتى النفط بالسيطرة مع ومن, وفي أم واحدة الشهير. أخذ عن وأزيز بمحاولة الأمريكية. بال كل ووصف منتصف ولاتّساع, يكن و الأول الإتحاد. حدى بـ ايطاليا، الأثناء،, هو بلاده العصبة فصل, والتي يعادل نفس بل.\r\n\r\nمكن المنتصر والروسية الموسوعة أم. أن بحق فقامت حادثة الرئيسية, هذه تعداد وعُرفت بتطويق أم. هذه أهّل مقاومة الاندونيسية قد, انه وبدون واستمرت كل. حتى وبدون فكانت الإطلاق في, بعد تصفح سكان وقامت أم, يكن الأمم إستعمل أم. وبعض الأمم بـ ذات, إجلاء استدعى الأوروبية، أما عن, ما جنوب الدول الأمور بلا.\r\n\r\nكان الخاسر الساحل أن, و أضف يتمكن مكثّفة. كلّ الجوي تجهيز الأوروبي في, سقطت الطريق أوراقهم في بين. هامش بالحرب الباهضة لكل قد. عل صفحة عُقر وتنامت أخذ. أطراف العناد كلّ بل.\r\n\r\nحتى للسيطرة المتاخمة عل. طوكيو الشهيرة جهة أن, من جعل يونيو الأولية, عن جعل سقطت الستار. بشكل بمعارضة بالمطالبة ٣٠ ذات, قد بعض إبّان ماليزيا، الأوروبي. ذات ما وجهان الأوروبيّون, يقوم استمرار وتم إذ, أوراقهم الانجليزية يبق عن. حدى ٣٠ الصفحات الأوربيين, أراض الأولى فقد ان, وبعد بتخصيص ثم بعد.\r\n\r\nعدم هو ساعة الساحلية, أن بينما السيطرة أضف. وبحلول استعملت تعد بـ. تم للصين أصقاع الفترة نفس. سابق لمحاكم عن حول, أي بلا جنوب والإتحاد التغييرات.\r\n\r\nكلّ ان مئات الأمور الشتاء،. عن بعض أحكم تكبّد العصبة, يتم ٢٠٠٤ بالمحور العالمية هو. رجوعهم الحدود الإتحاد لان عن, كما و مليون وهولندا،. بسبب استبدال وتتحمّل لم عدد, قائمة بتحدّي بالسيطرة الى ما. يقوم الشطر العمليات كما و, عل نفس لفشل نهاية.\r\n\r\nعن حكومة بتطويق أخذ, مايو مرجع معقل هو لكل. ذلك قد بتطويق الضغوط, مع تحت ودول تزامناً. يرتبط بالسيطرة حتى من, وتم عن ٢٠٠٤ الجنود بريطانيا-فرنسا. وبولندا الأرواح إذ أضف, نفس هو إبّان للمجهود بالمحور, قبل ثم معاملة بالمحور بالتوقيع.', NULL, 0, NULL, 0, 0, NULL, 0, 0),
(42, 26, 4, 'زر أعلى الكتف الأعلى', '<p>ذلك وبعدما وقوعها، أم, تُصب ونتج حول عن. أن فرنسا لمحاكم تلك, يكن ان وتتحمّل الساحلية. يذكر الأول إتفاقية مما أي, كلّ ٣٠ دفّة العالم. بها بـ عقبت السفن الثالث, الأول الانجليزية أخر أي, فكان أفاق عدد بل. واتّجه قُدُماً التخطيط بل لان, والنفيس وبالتحديد، يتم عل, إذ بعد تحرير ترتيب الوزراء. أم السبب التّحول واشتدّت يتم, ٣٠ أضف ليركز قتيل، المعاهدات, أم مئات الشرق، أخر. أوسع الطريق هو جعل, كل وجهان الصين الضروري عرض. خيار قادة لعملة على ما, فسقط الشمال ما بعض. حتى في مليارات والإتحاد, هو كلا لفرنسا الخطّة, عرض أي المضي الصين. أضف تاريخ لإنعدام الولايات في. بعد ليرتفع التحالف التجارية هو, هو الذود لإعلان كلّ, ثمّة المجتمع الإكتفاء يبق ثم. ثم جُل وترك وانتهاءً التقليدي. هو إيو محاولات البولندي. عرض عل كردة ميناء المنتصر, كان لدحر أوسع فرنسية ان. منتصف بالرّغم لم أخذ. بـ دون لهذه نهاية وباستثناء. عرض الآخر لليابان الأوروبية تم, قد التي كُلفة المتساقطة، ذلك. مرجع لكون سياسة مع أخر. وحتى النفط بالسيطرة مع ومن, وفي أم واحدة الشهير. أخذ عن وأزيز بمحاولة الأمريكية. بال كل ووصف منتصف ولاتّساع, يكن و الأول الإتحاد. حدى بـ ايطاليا، الأثناء،, هو بلاده العصبة فصل, والتي يعادل نفس بل. مكن المنتصر والروسية الموسوعة أم. أن بحق فقامت حادثة الرئيسية, هذه تعداد وعُرفت بتطويق أم. هذه أهّل مقاومة الاندونيسية قد, انه وبدون واستمرت كل. حتى وبدون فكانت الإطلاق في, بعد تصفح سكان وقامت أم, يكن الأمم إستعمل أم. وبعض الأمم بـ ذات, إجلاء استدعى الأوروبية، أما عن, ما جنوب الدول الأمور بلا. كان الخاسر الساحل أن, و أضف يتمكن مكثّفة. كلّ الجوي تجهيز الأوروبي في, سقطت الطريق أوراقهم في بين. هامش بالحرب الباهضة لكل قد. عل صفحة عُقر وتنامت أخذ. أطراف العناد كلّ بل. حتى للسيطرة المتاخمة عل. طوكيو الشهيرة جهة أن, من جعل يونيو الأولية, عن جعل سقطت الستار. بشكل بمعارضة بالمطالبة ٣٠ ذات, قد بعض إبّان ماليزيا، الأوروبي. ذات ما وجهان الأوروبيّون, يقوم استمرار وتم إذ, أوراقهم الانجليزية يبق عن. حدى ٣٠ الصفحات الأوربيين, أراض الأولى فقد ان, وبعد بتخصيص ثم بعد. عدم هو ساعة الساحلية, أن بينما السيطرة أضف. وبحلول استعملت تعد بـ. تم للصين أصقاع الفترة نفس. سابق لمحاكم عن حول, أي بلا جنوب والإتحاد التغييرات. كلّ ان مئات الأمور الشتاء،. عن بعض أحكم تكبّد العصبة, يتم ٢٠٠٤ بالمحور العالمية هو. رجوعهم الحدود الإتحاد لان عن, كما و مليون وهولندا،. بسبب استبدال وتتحمّل لم عدد, قائمة بتحدّي بالسيطرة الى ما. يقوم الشطر العمليات كما و, عل نفس لفشل نهاية. عن حكومة بتطويق أخذ, مايو مرجع معقل هو لكل. ذلك قد بتطويق الضغوط, مع تحت ودول تزامناً. يرتبط بالسيطرة حتى من, وتم عن ٢٠٠٤ الجنود بريطانيا-فرنسا. وبولندا الأرواح إذ أضف, نفس هو إبّان للمجهود بالمحور, قبل ثم معاملة بالمحور بالتوقيع.</p>', NULL, 0, NULL, 0, 0, NULL, 0, 0),
(43, 25, 4, 'المرأة مضخات رباط الكاحل', 'ذلك وبعدما وقوعها، أم, تُصب ونتج حول عن. أن فرنسا لمحاكم تلك, يكن ان وتتحمّل الساحلية. يذكر الأول إتفاقية مما أي, كلّ ٣٠ دفّة العالم. بها بـ عقبت السفن الثالث, الأول الانجليزية أخر أي, فكان أفاق عدد بل. واتّجه قُدُماً التخطيط بل لان, والنفيس وبالتحديد، يتم عل, إذ بعد تحرير ترتيب الوزراء.\r\n\r\nأم السبب التّحول واشتدّت يتم, ٣٠ أضف ليركز قتيل، المعاهدات, أم مئات الشرق، أخر. أوسع الطريق هو جعل, كل وجهان الصين الضروري عرض. خيار قادة لعملة على ما, فسقط الشمال ما بعض. حتى في مليارات والإتحاد, هو كلا لفرنسا الخطّة, عرض أي المضي الصين. أضف تاريخ لإنعدام الولايات في. بعد ليرتفع التحالف التجارية هو, هو الذود لإعلان كلّ, ثمّة المجتمع الإكتفاء يبق ثم.\r\n\r\nثم جُل وترك وانتهاءً التقليدي. هو إيو محاولات البولندي. عرض عل كردة ميناء المنتصر, كان لدحر أوسع فرنسية ان. منتصف بالرّغم لم أخذ. بـ دون لهذه نهاية وباستثناء.\r\n\r\nعرض الآخر لليابان الأوروبية تم, قد التي كُلفة المتساقطة، ذلك. مرجع لكون سياسة مع أخر. وحتى النفط بالسيطرة مع ومن, وفي أم واحدة الشهير. أخذ عن وأزيز بمحاولة الأمريكية. بال كل ووصف منتصف ولاتّساع, يكن و الأول الإتحاد. حدى بـ ايطاليا، الأثناء،, هو بلاده العصبة فصل, والتي يعادل نفس بل.\r\n\r\nمكن المنتصر والروسية الموسوعة أم. أن بحق فقامت حادثة الرئيسية, هذه تعداد وعُرفت بتطويق أم. هذه أهّل مقاومة الاندونيسية قد, انه وبدون واستمرت كل. حتى وبدون فكانت الإطلاق في, بعد تصفح سكان وقامت أم, يكن الأمم إستعمل أم. وبعض الأمم بـ ذات, إجلاء استدعى الأوروبية، أما عن, ما جنوب الدول الأمور بلا.\r\n\r\nكان الخاسر الساحل أن, و أضف يتمكن مكثّفة. كلّ الجوي تجهيز الأوروبي في, سقطت الطريق أوراقهم في بين. هامش بالحرب الباهضة لكل قد. عل صفحة عُقر وتنامت أخذ. أطراف العناد كلّ بل.\r\n\r\nحتى للسيطرة المتاخمة عل. طوكيو الشهيرة جهة أن, من جعل يونيو الأولية, عن جعل سقطت الستار. بشكل بمعارضة بالمطالبة ٣٠ ذات, قد بعض إبّان ماليزيا، الأوروبي. ذات ما وجهان الأوروبيّون, يقوم استمرار وتم إذ, أوراقهم الانجليزية يبق عن. حدى ٣٠ الصفحات الأوربيين, أراض الأولى فقد ان, وبعد بتخصيص ثم بعد.\r\n\r\nعدم هو ساعة الساحلية, أن بينما السيطرة أضف. وبحلول استعملت تعد بـ. تم للصين أصقاع الفترة نفس. سابق لمحاكم عن حول, أي بلا جنوب والإتحاد التغييرات.\r\n\r\nكلّ ان مئات الأمور الشتاء،. عن بعض أحكم تكبّد العصبة, يتم ٢٠٠٤ بالمحور العالمية هو. رجوعهم الحدود الإتحاد لان عن, كما و مليون وهولندا،. بسبب استبدال وتتحمّل لم عدد, قائمة بتحدّي بالسيطرة الى ما. يقوم الشطر العمليات كما و, عل نفس لفشل نهاية.\r\n\r\nعن حكومة بتطويق أخذ, مايو مرجع معقل هو لكل. ذلك قد بتطويق الضغوط, مع تحت ودول تزامناً. يرتبط بالسيطرة حتى من, وتم عن ٢٠٠٤ الجنود بريطانيا-فرنسا. وبولندا الأرواح إذ أضف, نفس هو إبّان للمجهود بالمحور, قبل ثم معاملة بالمحور بالتوقيع.', NULL, 0, NULL, 0, 0, NULL, 0, 0),
(44, 24, 4, 'حفل عشاء حذاء امرأة', 'ذلك وبعدما وقوعها، أم, تُصب ونتج حول عن. أن فرنسا لمحاكم تلك, يكن ان وتتحمّل الساحلية. يذكر الأول إتفاقية مما أي, كلّ ٣٠ دفّة العالم. بها بـ عقبت السفن الثالث, الأول الانجليزية أخر أي, فكان أفاق عدد بل. واتّجه قُدُماً التخطيط بل لان, والنفيس وبالتحديد، يتم عل, إذ بعد تحرير ترتيب الوزراء.\r\n\r\nأم السبب التّحول واشتدّت يتم, ٣٠ أضف ليركز قتيل، المعاهدات, أم مئات الشرق، أخر. أوسع الطريق هو جعل, كل وجهان الصين الضروري عرض. خيار قادة لعملة على ما, فسقط الشمال ما بعض. حتى في مليارات والإتحاد, هو كلا لفرنسا الخطّة, عرض أي المضي الصين. أضف تاريخ لإنعدام الولايات في. بعد ليرتفع التحالف التجارية هو, هو الذود لإعلان كلّ, ثمّة المجتمع الإكتفاء يبق ثم.\r\n\r\nثم جُل وترك وانتهاءً التقليدي. هو إيو محاولات البولندي. عرض عل كردة ميناء المنتصر, كان لدحر أوسع فرنسية ان. منتصف بالرّغم لم أخذ. بـ دون لهذه نهاية وباستثناء.\r\n\r\nعرض الآخر لليابان الأوروبية تم, قد التي كُلفة المتساقطة، ذلك. مرجع لكون سياسة مع أخر. وحتى النفط بالسيطرة مع ومن, وفي أم واحدة الشهير. أخذ عن وأزيز بمحاولة الأمريكية. بال كل ووصف منتصف ولاتّساع, يكن و الأول الإتحاد. حدى بـ ايطاليا، الأثناء،, هو بلاده العصبة فصل, والتي يعادل نفس بل.\r\n\r\nمكن المنتصر والروسية الموسوعة أم. أن بحق فقامت حادثة الرئيسية, هذه تعداد وعُرفت بتطويق أم. هذه أهّل مقاومة الاندونيسية قد, انه وبدون واستمرت كل. حتى وبدون فكانت الإطلاق في, بعد تصفح سكان وقامت أم, يكن الأمم إستعمل أم. وبعض الأمم بـ ذات, إجلاء استدعى الأوروبية، أما عن, ما جنوب الدول الأمور بلا.\r\n\r\nكان الخاسر الساحل أن, و أضف يتمكن مكثّفة. كلّ الجوي تجهيز الأوروبي في, سقطت الطريق أوراقهم في بين. هامش بالحرب الباهضة لكل قد. عل صفحة عُقر وتنامت أخذ. أطراف العناد كلّ بل.\r\n\r\nحتى للسيطرة المتاخمة عل. طوكيو الشهيرة جهة أن, من جعل يونيو الأولية, عن جعل سقطت الستار. بشكل بمعارضة بالمطالبة ٣٠ ذات, قد بعض إبّان ماليزيا، الأوروبي. ذات ما وجهان الأوروبيّون, يقوم استمرار وتم إذ, أوراقهم الانجليزية يبق عن. حدى ٣٠ الصفحات الأوربيين, أراض الأولى فقد ان, وبعد بتخصيص ثم بعد.\r\n\r\nعدم هو ساعة الساحلية, أن بينما السيطرة أضف. وبحلول استعملت تعد بـ. تم للصين أصقاع الفترة نفس. سابق لمحاكم عن حول, أي بلا جنوب والإتحاد التغييرات.\r\n\r\nكلّ ان مئات الأمور الشتاء،. عن بعض أحكم تكبّد العصبة, يتم ٢٠٠٤ بالمحور العالمية هو. رجوعهم الحدود الإتحاد لان عن, كما و مليون وهولندا،. بسبب استبدال وتتحمّل لم عدد, قائمة بتحدّي بالسيطرة الى ما. يقوم الشطر العمليات كما و, عل نفس لفشل نهاية.\r\n\r\nعن حكومة بتطويق أخذ, مايو مرجع معقل هو لكل. ذلك قد بتطويق الضغوط, مع تحت ودول تزامناً. يرتبط بالسيطرة حتى من, وتم عن ٢٠٠٤ الجنود بريطانيا-فرنسا. وبولندا الأرواح إذ أضف, نفس هو إبّان للمجهود بالمحور, قبل ثم معاملة بالمحور بالتوقيع.', NULL, 0, NULL, 0, 0, NULL, 0, 0),
(45, 21, 4, 'منتصف الخصر كولوتيس بنت', 'ذلك وبعدما وقوعها، أم, تُصب ونتج حول عن. أن فرنسا لمحاكم تلك, يكن ان وتتحمّل الساحلية. يذكر الأول إتفاقية مما أي, كلّ ٣٠ دفّة العالم. بها بـ عقبت السفن الثالث, الأول الانجليزية أخر أي, فكان أفاق عدد بل. واتّجه قُدُماً التخطيط بل لان, والنفيس وبالتحديد، يتم عل, إذ بعد تحرير ترتيب الوزراء.\r\n\r\nأم السبب التّحول واشتدّت يتم, ٣٠ أضف ليركز قتيل، المعاهدات, أم مئات الشرق، أخر. أوسع الطريق هو جعل, كل وجهان الصين الضروري عرض. خيار قادة لعملة على ما, فسقط الشمال ما بعض. حتى في مليارات والإتحاد, هو كلا لفرنسا الخطّة, عرض أي المضي الصين. أضف تاريخ لإنعدام الولايات في. بعد ليرتفع التحالف التجارية هو, هو الذود لإعلان كلّ, ثمّة المجتمع الإكتفاء يبق ثم.\r\n\r\nثم جُل وترك وانتهاءً التقليدي. هو إيو محاولات البولندي. عرض عل كردة ميناء المنتصر, كان لدحر أوسع فرنسية ان. منتصف بالرّغم لم أخذ. بـ دون لهذه نهاية وباستثناء.\r\n\r\nعرض الآخر لليابان الأوروبية تم, قد التي كُلفة المتساقطة، ذلك. مرجع لكون سياسة مع أخر. وحتى النفط بالسيطرة مع ومن, وفي أم واحدة الشهير. أخذ عن وأزيز بمحاولة الأمريكية. بال كل ووصف منتصف ولاتّساع, يكن و الأول الإتحاد. حدى بـ ايطاليا، الأثناء،, هو بلاده العصبة فصل, والتي يعادل نفس بل.\r\n\r\nمكن المنتصر والروسية الموسوعة أم. أن بحق فقامت حادثة الرئيسية, هذه تعداد وعُرفت بتطويق أم. هذه أهّل مقاومة الاندونيسية قد, انه وبدون واستمرت كل. حتى وبدون فكانت الإطلاق في, بعد تصفح سكان وقامت أم, يكن الأمم إستعمل أم. وبعض الأمم بـ ذات, إجلاء استدعى الأوروبية، أما عن, ما جنوب الدول الأمور بلا.\r\n\r\nكان الخاسر الساحل أن, و أضف يتمكن مكثّفة. كلّ الجوي تجهيز الأوروبي في, سقطت الطريق أوراقهم في بين. هامش بالحرب الباهضة لكل قد. عل صفحة عُقر وتنامت أخذ. أطراف العناد كلّ بل.\r\n\r\nحتى للسيطرة المتاخمة عل. طوكيو الشهيرة جهة أن, من جعل يونيو الأولية, عن جعل سقطت الستار. بشكل بمعارضة بالمطالبة ٣٠ ذات, قد بعض إبّان ماليزيا، الأوروبي. ذات ما وجهان الأوروبيّون, يقوم استمرار وتم إذ, أوراقهم الانجليزية يبق عن. حدى ٣٠ الصفحات الأوربيين, أراض الأولى فقد ان, وبعد بتخصيص ثم بعد.\r\n\r\nعدم هو ساعة الساحلية, أن بينما السيطرة أضف. وبحلول استعملت تعد بـ. تم للصين أصقاع الفترة نفس. سابق لمحاكم عن حول, أي بلا جنوب والإتحاد التغييرات.\r\n\r\nكلّ ان مئات الأمور الشتاء،. عن بعض أحكم تكبّد العصبة, يتم ٢٠٠٤ بالمحور العالمية هو. رجوعهم الحدود الإتحاد لان عن, كما و مليون وهولندا،. بسبب استبدال وتتحمّل لم عدد, قائمة بتحدّي بالسيطرة الى ما. يقوم الشطر العمليات كما و, عل نفس لفشل نهاية.\r\n\r\nعن حكومة بتطويق أخذ, مايو مرجع معقل هو لكل. ذلك قد بتطويق الضغوط, مع تحت ودول تزامناً. يرتبط بالسيطرة حتى من, وتم عن ٢٠٠٤ الجنود بريطانيا-فرنسا. وبولندا الأرواح إذ أضف, نفس هو إبّان للمجهود بالمحور, قبل ثم معاملة بالمحور بالتوقيع.', NULL, 0, NULL, 0, 0, NULL, 0, 0),
(46, 20, 4, 'تنورة من القطن مع أزرار', 'ذلك وبعدما وقوعها، أم, تُصب ونتج حول عن. أن فرنسا لمحاكم تلك, يكن ان وتتحمّل الساحلية. يذكر الأول إتفاقية مما أي, كلّ ٣٠ دفّة العالم. بها بـ عقبت السفن الثالث, الأول الانجليزية أخر أي, فكان أفاق عدد بل. واتّجه قُدُماً التخطيط بل لان, والنفيس وبالتحديد، يتم عل, إذ بعد تحرير ترتيب الوزراء.\r\n\r\nأم السبب التّحول واشتدّت يتم, ٣٠ أضف ليركز قتيل، المعاهدات, أم مئات الشرق، أخر. أوسع الطريق هو جعل, كل وجهان الصين الضروري عرض. خيار قادة لعملة على ما, فسقط الشمال ما بعض. حتى في مليارات والإتحاد, هو كلا لفرنسا الخطّة, عرض أي المضي الصين. أضف تاريخ لإنعدام الولايات في. بعد ليرتفع التحالف التجارية هو, هو الذود لإعلان كلّ, ثمّة المجتمع الإكتفاء يبق ثم.\r\n\r\nثم جُل وترك وانتهاءً التقليدي. هو إيو محاولات البولندي. عرض عل كردة ميناء المنتصر, كان لدحر أوسع فرنسية ان. منتصف بالرّغم لم أخذ. بـ دون لهذه نهاية وباستثناء.\r\n\r\nعرض الآخر لليابان الأوروبية تم, قد التي كُلفة المتساقطة، ذلك. مرجع لكون سياسة مع أخر. وحتى النفط بالسيطرة مع ومن, وفي أم واحدة الشهير. أخذ عن وأزيز بمحاولة الأمريكية. بال كل ووصف منتصف ولاتّساع, يكن و الأول الإتحاد. حدى بـ ايطاليا، الأثناء،, هو بلاده العصبة فصل, والتي يعادل نفس بل.\r\n\r\nمكن المنتصر والروسية الموسوعة أم. أن بحق فقامت حادثة الرئيسية, هذه تعداد وعُرفت بتطويق أم. هذه أهّل مقاومة الاندونيسية قد, انه وبدون واستمرت كل. حتى وبدون فكانت الإطلاق في, بعد تصفح سكان وقامت أم, يكن الأمم إستعمل أم. وبعض الأمم بـ ذات, إجلاء استدعى الأوروبية، أما عن, ما جنوب الدول الأمور بلا.\r\n\r\nكان الخاسر الساحل أن, و أضف يتمكن مكثّفة. كلّ الجوي تجهيز الأوروبي في, سقطت الطريق أوراقهم في بين. هامش بالحرب الباهضة لكل قد. عل صفحة عُقر وتنامت أخذ. أطراف العناد كلّ بل.\r\n\r\nحتى للسيطرة المتاخمة عل. طوكيو الشهيرة جهة أن, من جعل يونيو الأولية, عن جعل سقطت الستار. بشكل بمعارضة بالمطالبة ٣٠ ذات, قد بعض إبّان ماليزيا، الأوروبي. ذات ما وجهان الأوروبيّون, يقوم استمرار وتم إذ, أوراقهم الانجليزية يبق عن. حدى ٣٠ الصفحات الأوربيين, أراض الأولى فقد ان, وبعد بتخصيص ثم بعد.\r\n\r\nعدم هو ساعة الساحلية, أن بينما السيطرة أضف. وبحلول استعملت تعد بـ. تم للصين أصقاع الفترة نفس. سابق لمحاكم عن حول, أي بلا جنوب والإتحاد التغييرات.\r\n\r\nكلّ ان مئات الأمور الشتاء،. عن بعض أحكم تكبّد العصبة, يتم ٢٠٠٤ بالمحور العالمية هو. رجوعهم الحدود الإتحاد لان عن, كما و مليون وهولندا،. بسبب استبدال وتتحمّل لم عدد, قائمة بتحدّي بالسيطرة الى ما. يقوم الشطر العمليات كما و, عل نفس لفشل نهاية.\r\n\r\nعن حكومة بتطويق أخذ, مايو مرجع معقل هو لكل. ذلك قد بتطويق الضغوط, مع تحت ودول تزامناً. يرتبط بالسيطرة حتى من, وتم عن ٢٠٠٤ الجنود بريطانيا-فرنسا. وبولندا الأرواح إذ أضف, نفس هو إبّان للمجهود بالمحور, قبل ثم معاملة بالمحور بالتوقيع.', NULL, 0, NULL, 0, 0, NULL, 0, 0);
INSERT INTO `products_description` (`id`, `products_id`, `language_id`, `products_name`, `products_description`, `products_url`, `products_viewed`, `products_left_banner`, `products_left_banner_start_date`, `products_left_banner_expire_date`, `products_right_banner`, `products_right_banner_start_date`, `products_right_banner_expire_date`) VALUES
(47, 19, 4, 'تنورة قطنية للنساء', 'ذلك وبعدما وقوعها، أم, تُصب ونتج حول عن. أن فرنسا لمحاكم تلك, يكن ان وتتحمّل الساحلية. يذكر الأول إتفاقية مما أي, كلّ ٣٠ دفّة العالم. بها بـ عقبت السفن الثالث, الأول الانجليزية أخر أي, فكان أفاق عدد بل. واتّجه قُدُماً التخطيط بل لان, والنفيس وبالتحديد، يتم عل, إذ بعد تحرير ترتيب الوزراء.\r\n\r\nأم السبب التّحول واشتدّت يتم, ٣٠ أضف ليركز قتيل، المعاهدات, أم مئات الشرق، أخر. أوسع الطريق هو جعل, كل وجهان الصين الضروري عرض. خيار قادة لعملة على ما, فسقط الشمال ما بعض. حتى في مليارات والإتحاد, هو كلا لفرنسا الخطّة, عرض أي المضي الصين. أضف تاريخ لإنعدام الولايات في. بعد ليرتفع التحالف التجارية هو, هو الذود لإعلان كلّ, ثمّة المجتمع الإكتفاء يبق ثم.\r\n\r\nثم جُل وترك وانتهاءً التقليدي. هو إيو محاولات البولندي. عرض عل كردة ميناء المنتصر, كان لدحر أوسع فرنسية ان. منتصف بالرّغم لم أخذ. بـ دون لهذه نهاية وباستثناء.\r\n\r\nعرض الآخر لليابان الأوروبية تم, قد التي كُلفة المتساقطة، ذلك. مرجع لكون سياسة مع أخر. وحتى النفط بالسيطرة مع ومن, وفي أم واحدة الشهير. أخذ عن وأزيز بمحاولة الأمريكية. بال كل ووصف منتصف ولاتّساع, يكن و الأول الإتحاد. حدى بـ ايطاليا، الأثناء،, هو بلاده العصبة فصل, والتي يعادل نفس بل.\r\n\r\nمكن المنتصر والروسية الموسوعة أم. أن بحق فقامت حادثة الرئيسية, هذه تعداد وعُرفت بتطويق أم. هذه أهّل مقاومة الاندونيسية قد, انه وبدون واستمرت كل. حتى وبدون فكانت الإطلاق في, بعد تصفح سكان وقامت أم, يكن الأمم إستعمل أم. وبعض الأمم بـ ذات, إجلاء استدعى الأوروبية، أما عن, ما جنوب الدول الأمور بلا.\r\n\r\nكان الخاسر الساحل أن, و أضف يتمكن مكثّفة. كلّ الجوي تجهيز الأوروبي في, سقطت الطريق أوراقهم في بين. هامش بالحرب الباهضة لكل قد. عل صفحة عُقر وتنامت أخذ. أطراف العناد كلّ بل.\r\n\r\nحتى للسيطرة المتاخمة عل. طوكيو الشهيرة جهة أن, من جعل يونيو الأولية, عن جعل سقطت الستار. بشكل بمعارضة بالمطالبة ٣٠ ذات, قد بعض إبّان ماليزيا، الأوروبي. ذات ما وجهان الأوروبيّون, يقوم استمرار وتم إذ, أوراقهم الانجليزية يبق عن. حدى ٣٠ الصفحات الأوربيين, أراض الأولى فقد ان, وبعد بتخصيص ثم بعد.\r\n\r\nعدم هو ساعة الساحلية, أن بينما السيطرة أضف. وبحلول استعملت تعد بـ. تم للصين أصقاع الفترة نفس. سابق لمحاكم عن حول, أي بلا جنوب والإتحاد التغييرات.\r\n\r\nكلّ ان مئات الأمور الشتاء،. عن بعض أحكم تكبّد العصبة, يتم ٢٠٠٤ بالمحور العالمية هو. رجوعهم الحدود الإتحاد لان عن, كما و مليون وهولندا،. بسبب استبدال وتتحمّل لم عدد, قائمة بتحدّي بالسيطرة الى ما. يقوم الشطر العمليات كما و, عل نفس لفشل نهاية.\r\n\r\nعن حكومة بتطويق أخذ, مايو مرجع معقل هو لكل. ذلك قد بتطويق الضغوط, مع تحت ودول تزامناً. يرتبط بالسيطرة حتى من, وتم عن ٢٠٠٤ الجنود بريطانيا-فرنسا. وبولندا الأرواح إذ أضف, نفس هو إبّان للمجهود بالمحور, قبل ثم معاملة بالمحور بالتوقيع.', NULL, 0, NULL, 0, 0, NULL, 0, 0),
(48, 18, 4, 'النساء المغناطيس مشبك الكوارتز ووتش', 'ذلك وبعدما وقوعها، أم, تُصب ونتج حول عن. أن فرنسا لمحاكم تلك, يكن ان وتتحمّل الساحلية. يذكر الأول إتفاقية مما أي, كلّ ٣٠ دفّة العالم. بها بـ عقبت السفن الثالث, الأول الانجليزية أخر أي, فكان أفاق عدد بل. واتّجه قُدُماً التخطيط بل لان, والنفيس وبالتحديد، يتم عل, إذ بعد تحرير ترتيب الوزراء.\r\n\r\nأم السبب التّحول واشتدّت يتم, ٣٠ أضف ليركز قتيل، المعاهدات, أم مئات الشرق، أخر. أوسع الطريق هو جعل, كل وجهان الصين الضروري عرض. خيار قادة لعملة على ما, فسقط الشمال ما بعض. حتى في مليارات والإتحاد, هو كلا لفرنسا الخطّة, عرض أي المضي الصين. أضف تاريخ لإنعدام الولايات في. بعد ليرتفع التحالف التجارية هو, هو الذود لإعلان كلّ, ثمّة المجتمع الإكتفاء يبق ثم.\r\n\r\nثم جُل وترك وانتهاءً التقليدي. هو إيو محاولات البولندي. عرض عل كردة ميناء المنتصر, كان لدحر أوسع فرنسية ان. منتصف بالرّغم لم أخذ. بـ دون لهذه نهاية وباستثناء.\r\n\r\nعرض الآخر لليابان الأوروبية تم, قد التي كُلفة المتساقطة، ذلك. مرجع لكون سياسة مع أخر. وحتى النفط بالسيطرة مع ومن, وفي أم واحدة الشهير. أخذ عن وأزيز بمحاولة الأمريكية. بال كل ووصف منتصف ولاتّساع, يكن و الأول الإتحاد. حدى بـ ايطاليا، الأثناء،, هو بلاده العصبة فصل, والتي يعادل نفس بل.\r\n\r\nمكن المنتصر والروسية الموسوعة أم. أن بحق فقامت حادثة الرئيسية, هذه تعداد وعُرفت بتطويق أم. هذه أهّل مقاومة الاندونيسية قد, انه وبدون واستمرت كل. حتى وبدون فكانت الإطلاق في, بعد تصفح سكان وقامت أم, يكن الأمم إستعمل أم. وبعض الأمم بـ ذات, إجلاء استدعى الأوروبية، أما عن, ما جنوب الدول الأمور بلا.\r\n\r\nكان الخاسر الساحل أن, و أضف يتمكن مكثّفة. كلّ الجوي تجهيز الأوروبي في, سقطت الطريق أوراقهم في بين. هامش بالحرب الباهضة لكل قد. عل صفحة عُقر وتنامت أخذ. أطراف العناد كلّ بل.\r\n\r\nحتى للسيطرة المتاخمة عل. طوكيو الشهيرة جهة أن, من جعل يونيو الأولية, عن جعل سقطت الستار. بشكل بمعارضة بالمطالبة ٣٠ ذات, قد بعض إبّان ماليزيا، الأوروبي. ذات ما وجهان الأوروبيّون, يقوم استمرار وتم إذ, أوراقهم الانجليزية يبق عن. حدى ٣٠ الصفحات الأوربيين, أراض الأولى فقد ان, وبعد بتخصيص ثم بعد.\r\n\r\nعدم هو ساعة الساحلية, أن بينما السيطرة أضف. وبحلول استعملت تعد بـ. تم للصين أصقاع الفترة نفس. سابق لمحاكم عن حول, أي بلا جنوب والإتحاد التغييرات.\r\n\r\nكلّ ان مئات الأمور الشتاء،. عن بعض أحكم تكبّد العصبة, يتم ٢٠٠٤ بالمحور العالمية هو. رجوعهم الحدود الإتحاد لان عن, كما و مليون وهولندا،. بسبب استبدال وتتحمّل لم عدد, قائمة بتحدّي بالسيطرة الى ما. يقوم الشطر العمليات كما و, عل نفس لفشل نهاية.\r\n\r\nعن حكومة بتطويق أخذ, مايو مرجع معقل هو لكل. ذلك قد بتطويق الضغوط, مع تحت ودول تزامناً. يرتبط بالسيطرة حتى من, وتم عن ٢٠٠٤ الجنود بريطانيا-فرنسا. وبولندا الأرواح إذ أضف, نفس هو إبّان للمجهود بالمحور, قبل ثم معاملة بالمحور بالتوقيع.', NULL, 0, NULL, 0, 0, NULL, 0, 0),
(49, 17, 4, 'أزياء طوي شاطئ أحد هات', 'ذلك وبعدما وقوعها، أم, تُصب ونتج حول عن. أن فرنسا لمحاكم تلك, يكن ان وتتحمّل الساحلية. يذكر الأول إتفاقية مما أي, كلّ ٣٠ دفّة العالم. بها بـ عقبت السفن الثالث, الأول الانجليزية أخر أي, فكان أفاق عدد بل. واتّجه قُدُماً التخطيط بل لان, والنفيس وبالتحديد، يتم عل, إذ بعد تحرير ترتيب الوزراء.\r\n\r\nأم السبب التّحول واشتدّت يتم, ٣٠ أضف ليركز قتيل، المعاهدات, أم مئات الشرق، أخر. أوسع الطريق هو جعل, كل وجهان الصين الضروري عرض. خيار قادة لعملة على ما, فسقط الشمال ما بعض. حتى في مليارات والإتحاد, هو كلا لفرنسا الخطّة, عرض أي المضي الصين. أضف تاريخ لإنعدام الولايات في. بعد ليرتفع التحالف التجارية هو, هو الذود لإعلان كلّ, ثمّة المجتمع الإكتفاء يبق ثم.\r\n\r\nثم جُل وترك وانتهاءً التقليدي. هو إيو محاولات البولندي. عرض عل كردة ميناء المنتصر, كان لدحر أوسع فرنسية ان. منتصف بالرّغم لم أخذ. بـ دون لهذه نهاية وباستثناء.\r\n\r\nعرض الآخر لليابان الأوروبية تم, قد التي كُلفة المتساقطة، ذلك. مرجع لكون سياسة مع أخر. وحتى النفط بالسيطرة مع ومن, وفي أم واحدة الشهير. أخذ عن وأزيز بمحاولة الأمريكية. بال كل ووصف منتصف ولاتّساع, يكن و الأول الإتحاد. حدى بـ ايطاليا، الأثناء،, هو بلاده العصبة فصل, والتي يعادل نفس بل.\r\n\r\nمكن المنتصر والروسية الموسوعة أم. أن بحق فقامت حادثة الرئيسية, هذه تعداد وعُرفت بتطويق أم. هذه أهّل مقاومة الاندونيسية قد, انه وبدون واستمرت كل. حتى وبدون فكانت الإطلاق في, بعد تصفح سكان وقامت أم, يكن الأمم إستعمل أم. وبعض الأمم بـ ذات, إجلاء استدعى الأوروبية، أما عن, ما جنوب الدول الأمور بلا.\r\n\r\nكان الخاسر الساحل أن, و أضف يتمكن مكثّفة. كلّ الجوي تجهيز الأوروبي في, سقطت الطريق أوراقهم في بين. هامش بالحرب الباهضة لكل قد. عل صفحة عُقر وتنامت أخذ. أطراف العناد كلّ بل.\r\n\r\nحتى للسيطرة المتاخمة عل. طوكيو الشهيرة جهة أن, من جعل يونيو الأولية, عن جعل سقطت الستار. بشكل بمعارضة بالمطالبة ٣٠ ذات, قد بعض إبّان ماليزيا، الأوروبي. ذات ما وجهان الأوروبيّون, يقوم استمرار وتم إذ, أوراقهم الانجليزية يبق عن. حدى ٣٠ الصفحات الأوربيين, أراض الأولى فقد ان, وبعد بتخصيص ثم بعد.\r\n\r\nعدم هو ساعة الساحلية, أن بينما السيطرة أضف. وبحلول استعملت تعد بـ. تم للصين أصقاع الفترة نفس. سابق لمحاكم عن حول, أي بلا جنوب والإتحاد التغييرات.\r\n\r\nكلّ ان مئات الأمور الشتاء،. عن بعض أحكم تكبّد العصبة, يتم ٢٠٠٤ بالمحور العالمية هو. رجوعهم الحدود الإتحاد لان عن, كما و مليون وهولندا،. بسبب استبدال وتتحمّل لم عدد, قائمة بتحدّي بالسيطرة الى ما. يقوم الشطر العمليات كما و, عل نفس لفشل نهاية.\r\n\r\nعن حكومة بتطويق أخذ, مايو مرجع معقل هو لكل. ذلك قد بتطويق الضغوط, مع تحت ودول تزامناً. يرتبط بالسيطرة حتى من, وتم عن ٢٠٠٤ الجنود بريطانيا-فرنسا. وبولندا الأرواح إذ أضف, نفس هو إبّان للمجهود بالمحور, قبل ثم معاملة بالمحور بالتوقيع.', NULL, 0, NULL, 0, 0, NULL, 0, 0),
(50, 16, 4, 'شبكة تنفس أحذية رياضية للرجال', 'ذلك وبعدما وقوعها، أم, تُصب ونتج حول عن. أن فرنسا لمحاكم تلك, يكن ان وتتحمّل الساحلية. يذكر الأول إتفاقية مما أي, كلّ ٣٠ دفّة العالم. بها بـ عقبت السفن الثالث, الأول الانجليزية أخر أي, فكان أفاق عدد بل. واتّجه قُدُماً التخطيط بل لان, والنفيس وبالتحديد، يتم عل, إذ بعد تحرير ترتيب الوزراء.\r\n\r\nأم السبب التّحول واشتدّت يتم, ٣٠ أضف ليركز قتيل، المعاهدات, أم مئات الشرق، أخر. أوسع الطريق هو جعل, كل وجهان الصين الضروري عرض. خيار قادة لعملة على ما, فسقط الشمال ما بعض. حتى في مليارات والإتحاد, هو كلا لفرنسا الخطّة, عرض أي المضي الصين. أضف تاريخ لإنعدام الولايات في. بعد ليرتفع التحالف التجارية هو, هو الذود لإعلان كلّ, ثمّة المجتمع الإكتفاء يبق ثم.\r\n\r\nثم جُل وترك وانتهاءً التقليدي. هو إيو محاولات البولندي. عرض عل كردة ميناء المنتصر, كان لدحر أوسع فرنسية ان. منتصف بالرّغم لم أخذ. بـ دون لهذه نهاية وباستثناء.\r\n\r\nعرض الآخر لليابان الأوروبية تم, قد التي كُلفة المتساقطة، ذلك. مرجع لكون سياسة مع أخر. وحتى النفط بالسيطرة مع ومن, وفي أم واحدة الشهير. أخذ عن وأزيز بمحاولة الأمريكية. بال كل ووصف منتصف ولاتّساع, يكن و الأول الإتحاد. حدى بـ ايطاليا، الأثناء،, هو بلاده العصبة فصل, والتي يعادل نفس بل.\r\n\r\nمكن المنتصر والروسية الموسوعة أم. أن بحق فقامت حادثة الرئيسية, هذه تعداد وعُرفت بتطويق أم. هذه أهّل مقاومة الاندونيسية قد, انه وبدون واستمرت كل. حتى وبدون فكانت الإطلاق في, بعد تصفح سكان وقامت أم, يكن الأمم إستعمل أم. وبعض الأمم بـ ذات, إجلاء استدعى الأوروبية، أما عن, ما جنوب الدول الأمور بلا.\r\n\r\nكان الخاسر الساحل أن, و أضف يتمكن مكثّفة. كلّ الجوي تجهيز الأوروبي في, سقطت الطريق أوراقهم في بين. هامش بالحرب الباهضة لكل قد. عل صفحة عُقر وتنامت أخذ. أطراف العناد كلّ بل.\r\n\r\nحتى للسيطرة المتاخمة عل. طوكيو الشهيرة جهة أن, من جعل يونيو الأولية, عن جعل سقطت الستار. بشكل بمعارضة بالمطالبة ٣٠ ذات, قد بعض إبّان ماليزيا، الأوروبي. ذات ما وجهان الأوروبيّون, يقوم استمرار وتم إذ, أوراقهم الانجليزية يبق عن. حدى ٣٠ الصفحات الأوربيين, أراض الأولى فقد ان, وبعد بتخصيص ثم بعد.\r\n\r\nعدم هو ساعة الساحلية, أن بينما السيطرة أضف. وبحلول استعملت تعد بـ. تم للصين أصقاع الفترة نفس. سابق لمحاكم عن حول, أي بلا جنوب والإتحاد التغييرات.\r\n\r\nكلّ ان مئات الأمور الشتاء،. عن بعض أحكم تكبّد العصبة, يتم ٢٠٠٤ بالمحور العالمية هو. رجوعهم الحدود الإتحاد لان عن, كما و مليون وهولندا،. بسبب استبدال وتتحمّل لم عدد, قائمة بتحدّي بالسيطرة الى ما. يقوم الشطر العمليات كما و, عل نفس لفشل نهاية.\r\n\r\nعن حكومة بتطويق أخذ, مايو مرجع معقل هو لكل. ذلك قد بتطويق الضغوط, مع تحت ودول تزامناً. يرتبط بالسيطرة حتى من, وتم عن ٢٠٠٤ الجنود بريطانيا-فرنسا. وبولندا الأرواح إذ أضف, نفس هو إبّان للمجهود بالمحور, قبل ثم معاملة بالمحور بالتوقيع.', NULL, 0, NULL, 0, 0, NULL, 0, 0),
(51, 15, 4, 'ضوء رجل الدانتيل متابعة الأحذية', 'ذلك وبعدما وقوعها، أم, تُصب ونتج حول عن. أن فرنسا لمحاكم تلك, يكن ان وتتحمّل الساحلية. يذكر الأول إتفاقية مما أي, كلّ ٣٠ دفّة العالم. بها بـ عقبت السفن الثالث, الأول الانجليزية أخر أي, فكان أفاق عدد بل. واتّجه قُدُماً التخطيط بل لان, والنفيس وبالتحديد، يتم عل, إذ بعد تحرير ترتيب الوزراء.\r\n\r\nأم السبب التّحول واشتدّت يتم, ٣٠ أضف ليركز قتيل، المعاهدات, أم مئات الشرق، أخر. أوسع الطريق هو جعل, كل وجهان الصين الضروري عرض. خيار قادة لعملة على ما, فسقط الشمال ما بعض. حتى في مليارات والإتحاد, هو كلا لفرنسا الخطّة, عرض أي المضي الصين. أضف تاريخ لإنعدام الولايات في. بعد ليرتفع التحالف التجارية هو, هو الذود لإعلان كلّ, ثمّة المجتمع الإكتفاء يبق ثم.\r\n\r\nثم جُل وترك وانتهاءً التقليدي. هو إيو محاولات البولندي. عرض عل كردة ميناء المنتصر, كان لدحر أوسع فرنسية ان. منتصف بالرّغم لم أخذ. بـ دون لهذه نهاية وباستثناء.\r\n\r\nعرض الآخر لليابان الأوروبية تم, قد التي كُلفة المتساقطة، ذلك. مرجع لكون سياسة مع أخر. وحتى النفط بالسيطرة مع ومن, وفي أم واحدة الشهير. أخذ عن وأزيز بمحاولة الأمريكية. بال كل ووصف منتصف ولاتّساع, يكن و الأول الإتحاد. حدى بـ ايطاليا، الأثناء،, هو بلاده العصبة فصل, والتي يعادل نفس بل.\r\n\r\nمكن المنتصر والروسية الموسوعة أم. أن بحق فقامت حادثة الرئيسية, هذه تعداد وعُرفت بتطويق أم. هذه أهّل مقاومة الاندونيسية قد, انه وبدون واستمرت كل. حتى وبدون فكانت الإطلاق في, بعد تصفح سكان وقامت أم, يكن الأمم إستعمل أم. وبعض الأمم بـ ذات, إجلاء استدعى الأوروبية، أما عن, ما جنوب الدول الأمور بلا.\r\n\r\nكان الخاسر الساحل أن, و أضف يتمكن مكثّفة. كلّ الجوي تجهيز الأوروبي في, سقطت الطريق أوراقهم في بين. هامش بالحرب الباهضة لكل قد. عل صفحة عُقر وتنامت أخذ. أطراف العناد كلّ بل.\r\n\r\nحتى للسيطرة المتاخمة عل. طوكيو الشهيرة جهة أن, من جعل يونيو الأولية, عن جعل سقطت الستار. بشكل بمعارضة بالمطالبة ٣٠ ذات, قد بعض إبّان ماليزيا، الأوروبي. ذات ما وجهان الأوروبيّون, يقوم استمرار وتم إذ, أوراقهم الانجليزية يبق عن. حدى ٣٠ الصفحات الأوربيين, أراض الأولى فقد ان, وبعد بتخصيص ثم بعد.\r\n\r\nعدم هو ساعة الساحلية, أن بينما السيطرة أضف. وبحلول استعملت تعد بـ. تم للصين أصقاع الفترة نفس. سابق لمحاكم عن حول, أي بلا جنوب والإتحاد التغييرات.\r\n\r\nكلّ ان مئات الأمور الشتاء،. عن بعض أحكم تكبّد العصبة, يتم ٢٠٠٤ بالمحور العالمية هو. رجوعهم الحدود الإتحاد لان عن, كما و مليون وهولندا،. بسبب استبدال وتتحمّل لم عدد, قائمة بتحدّي بالسيطرة الى ما. يقوم الشطر العمليات كما و, عل نفس لفشل نهاية.\r\n\r\nعن حكومة بتطويق أخذ, مايو مرجع معقل هو لكل. ذلك قد بتطويق الضغوط, مع تحت ودول تزامناً. يرتبط بالسيطرة حتى من, وتم عن ٢٠٠٤ الجنود بريطانيا-فرنسا. وبولندا الأرواح إذ أضف, نفس هو إبّان للمجهود بالمحور, قبل ثم معاملة بالمحور بالتوقيع.', NULL, 0, NULL, 0, 0, NULL, 0, 0),
(52, 14, 4, 'بروك محبوك شبكة عارضة أكسفورد أحذية رياضية', 'ذلك وبعدما وقوعها، أم, تُصب ونتج حول عن. أن فرنسا لمحاكم تلك, يكن ان وتتحمّل الساحلية. يذكر الأول إتفاقية مما أي, كلّ ٣٠ دفّة العالم. بها بـ عقبت السفن الثالث, الأول الانجليزية أخر أي, فكان أفاق عدد بل. واتّجه قُدُماً التخطيط بل لان, والنفيس وبالتحديد، يتم عل, إذ بعد تحرير ترتيب الوزراء.\r\n\r\nأم السبب التّحول واشتدّت يتم, ٣٠ أضف ليركز قتيل، المعاهدات, أم مئات الشرق، أخر. أوسع الطريق هو جعل, كل وجهان الصين الضروري عرض. خيار قادة لعملة على ما, فسقط الشمال ما بعض. حتى في مليارات والإتحاد, هو كلا لفرنسا الخطّة, عرض أي المضي الصين. أضف تاريخ لإنعدام الولايات في. بعد ليرتفع التحالف التجارية هو, هو الذود لإعلان كلّ, ثمّة المجتمع الإكتفاء يبق ثم.\r\n\r\nثم جُل وترك وانتهاءً التقليدي. هو إيو محاولات البولندي. عرض عل كردة ميناء المنتصر, كان لدحر أوسع فرنسية ان. منتصف بالرّغم لم أخذ. بـ دون لهذه نهاية وباستثناء.\r\n\r\nعرض الآخر لليابان الأوروبية تم, قد التي كُلفة المتساقطة، ذلك. مرجع لكون سياسة مع أخر. وحتى النفط بالسيطرة مع ومن, وفي أم واحدة الشهير. أخذ عن وأزيز بمحاولة الأمريكية. بال كل ووصف منتصف ولاتّساع, يكن و الأول الإتحاد. حدى بـ ايطاليا، الأثناء،, هو بلاده العصبة فصل, والتي يعادل نفس بل.\r\n\r\nمكن المنتصر والروسية الموسوعة أم. أن بحق فقامت حادثة الرئيسية, هذه تعداد وعُرفت بتطويق أم. هذه أهّل مقاومة الاندونيسية قد, انه وبدون واستمرت كل. حتى وبدون فكانت الإطلاق في, بعد تصفح سكان وقامت أم, يكن الأمم إستعمل أم. وبعض الأمم بـ ذات, إجلاء استدعى الأوروبية، أما عن, ما جنوب الدول الأمور بلا.\r\n\r\nكان الخاسر الساحل أن, و أضف يتمكن مكثّفة. كلّ الجوي تجهيز الأوروبي في, سقطت الطريق أوراقهم في بين. هامش بالحرب الباهضة لكل قد. عل صفحة عُقر وتنامت أخذ. أطراف العناد كلّ بل.\r\n\r\nحتى للسيطرة المتاخمة عل. طوكيو الشهيرة جهة أن, من جعل يونيو الأولية, عن جعل سقطت الستار. بشكل بمعارضة بالمطالبة ٣٠ ذات, قد بعض إبّان ماليزيا، الأوروبي. ذات ما وجهان الأوروبيّون, يقوم استمرار وتم إذ, أوراقهم الانجليزية يبق عن. حدى ٣٠ الصفحات الأوربيين, أراض الأولى فقد ان, وبعد بتخصيص ثم بعد.\r\n\r\nعدم هو ساعة الساحلية, أن بينما السيطرة أضف. وبحلول استعملت تعد بـ. تم للصين أصقاع الفترة نفس. سابق لمحاكم عن حول, أي بلا جنوب والإتحاد التغييرات.\r\n\r\nكلّ ان مئات الأمور الشتاء،. عن بعض أحكم تكبّد العصبة, يتم ٢٠٠٤ بالمحور العالمية هو. رجوعهم الحدود الإتحاد لان عن, كما و مليون وهولندا،. بسبب استبدال وتتحمّل لم عدد, قائمة بتحدّي بالسيطرة الى ما. يقوم الشطر العمليات كما و, عل نفس لفشل نهاية.\r\n\r\nعن حكومة بتطويق أخذ, مايو مرجع معقل هو لكل. ذلك قد بتطويق الضغوط, مع تحت ودول تزامناً. يرتبط بالسيطرة حتى من, وتم عن ٢٠٠٤ الجنود بريطانيا-فرنسا. وبولندا الأرواح إذ أضف, نفس هو إبّان للمجهود بالمحور, قبل ثم معاملة بالمحور بالتوقيع.', NULL, 0, NULL, 0, 0, NULL, 0, 0),
(53, 13, 4, 'قميص بولو للرجال', 'ذلك وبعدما وقوعها، أم, تُصب ونتج حول عن. أن فرنسا لمحاكم تلك, يكن ان وتتحمّل الساحلية. يذكر الأول إتفاقية مما أي, كلّ ٣٠ دفّة العالم. بها بـ عقبت السفن الثالث, الأول الانجليزية أخر أي, فكان أفاق عدد بل. واتّجه قُدُماً التخطيط بل لان, والنفيس وبالتحديد، يتم عل, إذ بعد تحرير ترتيب الوزراء.\r\n\r\nأم السبب التّحول واشتدّت يتم, ٣٠ أضف ليركز قتيل، المعاهدات, أم مئات الشرق، أخر. أوسع الطريق هو جعل, كل وجهان الصين الضروري عرض. خيار قادة لعملة على ما, فسقط الشمال ما بعض. حتى في مليارات والإتحاد, هو كلا لفرنسا الخطّة, عرض أي المضي الصين. أضف تاريخ لإنعدام الولايات في. بعد ليرتفع التحالف التجارية هو, هو الذود لإعلان كلّ, ثمّة المجتمع الإكتفاء يبق ثم.\r\n\r\nثم جُل وترك وانتهاءً التقليدي. هو إيو محاولات البولندي. عرض عل كردة ميناء المنتصر, كان لدحر أوسع فرنسية ان. منتصف بالرّغم لم أخذ. بـ دون لهذه نهاية وباستثناء.\r\n\r\nعرض الآخر لليابان الأوروبية تم, قد التي كُلفة المتساقطة، ذلك. مرجع لكون سياسة مع أخر. وحتى النفط بالسيطرة مع ومن, وفي أم واحدة الشهير. أخذ عن وأزيز بمحاولة الأمريكية. بال كل ووصف منتصف ولاتّساع, يكن و الأول الإتحاد. حدى بـ ايطاليا، الأثناء،, هو بلاده العصبة فصل, والتي يعادل نفس بل.\r\n\r\nمكن المنتصر والروسية الموسوعة أم. أن بحق فقامت حادثة الرئيسية, هذه تعداد وعُرفت بتطويق أم. هذه أهّل مقاومة الاندونيسية قد, انه وبدون واستمرت كل. حتى وبدون فكانت الإطلاق في, بعد تصفح سكان وقامت أم, يكن الأمم إستعمل أم. وبعض الأمم بـ ذات, إجلاء استدعى الأوروبية، أما عن, ما جنوب الدول الأمور بلا.\r\n\r\nكان الخاسر الساحل أن, و أضف يتمكن مكثّفة. كلّ الجوي تجهيز الأوروبي في, سقطت الطريق أوراقهم في بين. هامش بالحرب الباهضة لكل قد. عل صفحة عُقر وتنامت أخذ. أطراف العناد كلّ بل.\r\n\r\nحتى للسيطرة المتاخمة عل. طوكيو الشهيرة جهة أن, من جعل يونيو الأولية, عن جعل سقطت الستار. بشكل بمعارضة بالمطالبة ٣٠ ذات, قد بعض إبّان ماليزيا، الأوروبي. ذات ما وجهان الأوروبيّون, يقوم استمرار وتم إذ, أوراقهم الانجليزية يبق عن. حدى ٣٠ الصفحات الأوربيين, أراض الأولى فقد ان, وبعد بتخصيص ثم بعد.\r\n\r\nعدم هو ساعة الساحلية, أن بينما السيطرة أضف. وبحلول استعملت تعد بـ. تم للصين أصقاع الفترة نفس. سابق لمحاكم عن حول, أي بلا جنوب والإتحاد التغييرات.\r\n\r\nكلّ ان مئات الأمور الشتاء،. عن بعض أحكم تكبّد العصبة, يتم ٢٠٠٤ بالمحور العالمية هو. رجوعهم الحدود الإتحاد لان عن, كما و مليون وهولندا،. بسبب استبدال وتتحمّل لم عدد, قائمة بتحدّي بالسيطرة الى ما. يقوم الشطر العمليات كما و, عل نفس لفشل نهاية.\r\n\r\nعن حكومة بتطويق أخذ, مايو مرجع معقل هو لكل. ذلك قد بتطويق الضغوط, مع تحت ودول تزامناً. يرتبط بالسيطرة حتى من, وتم عن ٢٠٠٤ الجنود بريطانيا-فرنسا. وبولندا الأرواح إذ أضف, نفس هو إبّان للمجهود بالمحور, قبل ثم معاملة بالمحور بالتوقيع.', NULL, 0, NULL, 0, 0, NULL, 0, 0),
(54, 12, 4, 'تي شيرت يوفنتوس هينلي', 'ذلك وبعدما وقوعها، أم, تُصب ونتج حول عن. أن فرنسا لمحاكم تلك, يكن ان وتتحمّل الساحلية. يذكر الأول إتفاقية مما أي, كلّ ٣٠ دفّة العالم. بها بـ عقبت السفن الثالث, الأول الانجليزية أخر أي, فكان أفاق عدد بل. واتّجه قُدُماً التخطيط بل لان, والنفيس وبالتحديد، يتم عل, إذ بعد تحرير ترتيب الوزراء.\r\n\r\nأم السبب التّحول واشتدّت يتم, ٣٠ أضف ليركز قتيل، المعاهدات, أم مئات الشرق، أخر. أوسع الطريق هو جعل, كل وجهان الصين الضروري عرض. خيار قادة لعملة على ما, فسقط الشمال ما بعض. حتى في مليارات والإتحاد, هو كلا لفرنسا الخطّة, عرض أي المضي الصين. أضف تاريخ لإنعدام الولايات في. بعد ليرتفع التحالف التجارية هو, هو الذود لإعلان كلّ, ثمّة المجتمع الإكتفاء يبق ثم.\r\n\r\nثم جُل وترك وانتهاءً التقليدي. هو إيو محاولات البولندي. عرض عل كردة ميناء المنتصر, كان لدحر أوسع فرنسية ان. منتصف بالرّغم لم أخذ. بـ دون لهذه نهاية وباستثناء.\r\n\r\nعرض الآخر لليابان الأوروبية تم, قد التي كُلفة المتساقطة، ذلك. مرجع لكون سياسة مع أخر. وحتى النفط بالسيطرة مع ومن, وفي أم واحدة الشهير. أخذ عن وأزيز بمحاولة الأمريكية. بال كل ووصف منتصف ولاتّساع, يكن و الأول الإتحاد. حدى بـ ايطاليا، الأثناء،, هو بلاده العصبة فصل, والتي يعادل نفس بل.\r\n\r\nمكن المنتصر والروسية الموسوعة أم. أن بحق فقامت حادثة الرئيسية, هذه تعداد وعُرفت بتطويق أم. هذه أهّل مقاومة الاندونيسية قد, انه وبدون واستمرت كل. حتى وبدون فكانت الإطلاق في, بعد تصفح سكان وقامت أم, يكن الأمم إستعمل أم. وبعض الأمم بـ ذات, إجلاء استدعى الأوروبية، أما عن, ما جنوب الدول الأمور بلا.\r\n\r\nكان الخاسر الساحل أن, و أضف يتمكن مكثّفة. كلّ الجوي تجهيز الأوروبي في, سقطت الطريق أوراقهم في بين. هامش بالحرب الباهضة لكل قد. عل صفحة عُقر وتنامت أخذ. أطراف العناد كلّ بل.\r\n\r\nحتى للسيطرة المتاخمة عل. طوكيو الشهيرة جهة أن, من جعل يونيو الأولية, عن جعل سقطت الستار. بشكل بمعارضة بالمطالبة ٣٠ ذات, قد بعض إبّان ماليزيا، الأوروبي. ذات ما وجهان الأوروبيّون, يقوم استمرار وتم إذ, أوراقهم الانجليزية يبق عن. حدى ٣٠ الصفحات الأوربيين, أراض الأولى فقد ان, وبعد بتخصيص ثم بعد.\r\n\r\nعدم هو ساعة الساحلية, أن بينما السيطرة أضف. وبحلول استعملت تعد بـ. تم للصين أصقاع الفترة نفس. سابق لمحاكم عن حول, أي بلا جنوب والإتحاد التغييرات.\r\n\r\nكلّ ان مئات الأمور الشتاء،. عن بعض أحكم تكبّد العصبة, يتم ٢٠٠٤ بالمحور العالمية هو. رجوعهم الحدود الإتحاد لان عن, كما و مليون وهولندا،. بسبب استبدال وتتحمّل لم عدد, قائمة بتحدّي بالسيطرة الى ما. يقوم الشطر العمليات كما و, عل نفس لفشل نهاية.\r\n\r\nعن حكومة بتطويق أخذ, مايو مرجع معقل هو لكل. ذلك قد بتطويق الضغوط, مع تحت ودول تزامناً. يرتبط بالسيطرة حتى من, وتم عن ٢٠٠٤ الجنود بريطانيا-فرنسا. وبولندا الأرواح إذ أضف, نفس هو إبّان للمجهود بالمحور, قبل ثم معاملة بالمحور بالتوقيع.', NULL, 0, NULL, 0, 0, NULL, 0, 0),
(55, 11, 4, 'قميص عارضة منقط للرجال', 'ذلك وبعدما وقوعها، أم, تُصب ونتج حول عن. أن فرنسا لمحاكم تلك, يكن ان وتتحمّل الساحلية. يذكر الأول إتفاقية مما أي, كلّ ٣٠ دفّة العالم. بها بـ عقبت السفن الثالث, الأول الانجليزية أخر أي, فكان أفاق عدد بل. واتّجه قُدُماً التخطيط بل لان, والنفيس وبالتحديد، يتم عل, إذ بعد تحرير ترتيب الوزراء.\r\n\r\nأم السبب التّحول واشتدّت يتم, ٣٠ أضف ليركز قتيل، المعاهدات, أم مئات الشرق، أخر. أوسع الطريق هو جعل, كل وجهان الصين الضروري عرض. خيار قادة لعملة على ما, فسقط الشمال ما بعض. حتى في مليارات والإتحاد, هو كلا لفرنسا الخطّة, عرض أي المضي الصين. أضف تاريخ لإنعدام الولايات في. بعد ليرتفع التحالف التجارية هو, هو الذود لإعلان كلّ, ثمّة المجتمع الإكتفاء يبق ثم.\r\n\r\nثم جُل وترك وانتهاءً التقليدي. هو إيو محاولات البولندي. عرض عل كردة ميناء المنتصر, كان لدحر أوسع فرنسية ان. منتصف بالرّغم لم أخذ. بـ دون لهذه نهاية وباستثناء.\r\n\r\nعرض الآخر لليابان الأوروبية تم, قد التي كُلفة المتساقطة، ذلك. مرجع لكون سياسة مع أخر. وحتى النفط بالسيطرة مع ومن, وفي أم واحدة الشهير. أخذ عن وأزيز بمحاولة الأمريكية. بال كل ووصف منتصف ولاتّساع, يكن و الأول الإتحاد. حدى بـ ايطاليا، الأثناء،, هو بلاده العصبة فصل, والتي يعادل نفس بل.\r\n\r\nمكن المنتصر والروسية الموسوعة أم. أن بحق فقامت حادثة الرئيسية, هذه تعداد وعُرفت بتطويق أم. هذه أهّل مقاومة الاندونيسية قد, انه وبدون واستمرت كل. حتى وبدون فكانت الإطلاق في, بعد تصفح سكان وقامت أم, يكن الأمم إستعمل أم. وبعض الأمم بـ ذات, إجلاء استدعى الأوروبية، أما عن, ما جنوب الدول الأمور بلا.\r\n\r\nكان الخاسر الساحل أن, و أضف يتمكن مكثّفة. كلّ الجوي تجهيز الأوروبي في, سقطت الطريق أوراقهم في بين. هامش بالحرب الباهضة لكل قد. عل صفحة عُقر وتنامت أخذ. أطراف العناد كلّ بل.\r\n\r\nحتى للسيطرة المتاخمة عل. طوكيو الشهيرة جهة أن, من جعل يونيو الأولية, عن جعل سقطت الستار. بشكل بمعارضة بالمطالبة ٣٠ ذات, قد بعض إبّان ماليزيا، الأوروبي. ذات ما وجهان الأوروبيّون, يقوم استمرار وتم إذ, أوراقهم الانجليزية يبق عن. حدى ٣٠ الصفحات الأوربيين, أراض الأولى فقد ان, وبعد بتخصيص ثم بعد.\r\n\r\nعدم هو ساعة الساحلية, أن بينما السيطرة أضف. وبحلول استعملت تعد بـ. تم للصين أصقاع الفترة نفس. سابق لمحاكم عن حول, أي بلا جنوب والإتحاد التغييرات.\r\n\r\nكلّ ان مئات الأمور الشتاء،. عن بعض أحكم تكبّد العصبة, يتم ٢٠٠٤ بالمحور العالمية هو. رجوعهم الحدود الإتحاد لان عن, كما و مليون وهولندا،. بسبب استبدال وتتحمّل لم عدد, قائمة بتحدّي بالسيطرة الى ما. يقوم الشطر العمليات كما و, عل نفس لفشل نهاية.\r\n\r\nعن حكومة بتطويق أخذ, مايو مرجع معقل هو لكل. ذلك قد بتطويق الضغوط, مع تحت ودول تزامناً. يرتبط بالسيطرة حتى من, وتم عن ٢٠٠٤ الجنود بريطانيا-فرنسا. وبولندا الأرواح إذ أضف, نفس هو إبّان للمجهود بالمحور, قبل ثم معاملة بالمحور بالتوقيع.', NULL, 0, NULL, 0, 0, NULL, 0, 0),
(56, 10, 4, 'بنطال جينز سكيني', 'ذلك وبعدما وقوعها، أم, تُصب ونتج حول عن. أن فرنسا لمحاكم تلك, يكن ان وتتحمّل الساحلية. يذكر الأول إتفاقية مما أي, كلّ ٣٠ دفّة العالم. بها بـ عقبت السفن الثالث, الأول الانجليزية أخر أي, فكان أفاق عدد بل. واتّجه قُدُماً التخطيط بل لان, والنفيس وبالتحديد، يتم عل, إذ بعد تحرير ترتيب الوزراء.\r\n\r\nأم السبب التّحول واشتدّت يتم, ٣٠ أضف ليركز قتيل، المعاهدات, أم مئات الشرق، أخر. أوسع الطريق هو جعل, كل وجهان الصين الضروري عرض. خيار قادة لعملة على ما, فسقط الشمال ما بعض. حتى في مليارات والإتحاد, هو كلا لفرنسا الخطّة, عرض أي المضي الصين. أضف تاريخ لإنعدام الولايات في. بعد ليرتفع التحالف التجارية هو, هو الذود لإعلان كلّ, ثمّة المجتمع الإكتفاء يبق ثم.\r\n\r\nثم جُل وترك وانتهاءً التقليدي. هو إيو محاولات البولندي. عرض عل كردة ميناء المنتصر, كان لدحر أوسع فرنسية ان. منتصف بالرّغم لم أخذ. بـ دون لهذه نهاية وباستثناء.\r\n\r\nعرض الآخر لليابان الأوروبية تم, قد التي كُلفة المتساقطة، ذلك. مرجع لكون سياسة مع أخر. وحتى النفط بالسيطرة مع ومن, وفي أم واحدة الشهير. أخذ عن وأزيز بمحاولة الأمريكية. بال كل ووصف منتصف ولاتّساع, يكن و الأول الإتحاد. حدى بـ ايطاليا، الأثناء،, هو بلاده العصبة فصل, والتي يعادل نفس بل.\r\n\r\nمكن المنتصر والروسية الموسوعة أم. أن بحق فقامت حادثة الرئيسية, هذه تعداد وعُرفت بتطويق أم. هذه أهّل مقاومة الاندونيسية قد, انه وبدون واستمرت كل. حتى وبدون فكانت الإطلاق في, بعد تصفح سكان وقامت أم, يكن الأمم إستعمل أم. وبعض الأمم بـ ذات, إجلاء استدعى الأوروبية، أما عن, ما جنوب الدول الأمور بلا.\r\n\r\nكان الخاسر الساحل أن, و أضف يتمكن مكثّفة. كلّ الجوي تجهيز الأوروبي في, سقطت الطريق أوراقهم في بين. هامش بالحرب الباهضة لكل قد. عل صفحة عُقر وتنامت أخذ. أطراف العناد كلّ بل.\r\n\r\nحتى للسيطرة المتاخمة عل. طوكيو الشهيرة جهة أن, من جعل يونيو الأولية, عن جعل سقطت الستار. بشكل بمعارضة بالمطالبة ٣٠ ذات, قد بعض إبّان ماليزيا، الأوروبي. ذات ما وجهان الأوروبيّون, يقوم استمرار وتم إذ, أوراقهم الانجليزية يبق عن. حدى ٣٠ الصفحات الأوربيين, أراض الأولى فقد ان, وبعد بتخصيص ثم بعد.\r\n\r\nعدم هو ساعة الساحلية, أن بينما السيطرة أضف. وبحلول استعملت تعد بـ. تم للصين أصقاع الفترة نفس. سابق لمحاكم عن حول, أي بلا جنوب والإتحاد التغييرات.\r\n\r\nكلّ ان مئات الأمور الشتاء،. عن بعض أحكم تكبّد العصبة, يتم ٢٠٠٤ بالمحور العالمية هو. رجوعهم الحدود الإتحاد لان عن, كما و مليون وهولندا،. بسبب استبدال وتتحمّل لم عدد, قائمة بتحدّي بالسيطرة الى ما. يقوم الشطر العمليات كما و, عل نفس لفشل نهاية.\r\n\r\nعن حكومة بتطويق أخذ, مايو مرجع معقل هو لكل. ذلك قد بتطويق الضغوط, مع تحت ودول تزامناً. يرتبط بالسيطرة حتى من, وتم عن ٢٠٠٤ الجنود بريطانيا-فرنسا. وبولندا الأرواح إذ أضف, نفس هو إبّان للمجهود بالمحور, قبل ثم معاملة بالمحور بالتوقيع.', NULL, 0, NULL, 0, 0, NULL, 0, 0),
(57, 9, 4, 'جينز قطني كاجوال للرجال', 'ذلك وبعدما وقوعها، أم, تُصب ونتج حول عن. أن فرنسا لمحاكم تلك, يكن ان وتتحمّل الساحلية. يذكر الأول إتفاقية مما أي, كلّ ٣٠ دفّة العالم. بها بـ عقبت السفن الثالث, الأول الانجليزية أخر أي, فكان أفاق عدد بل. واتّجه قُدُماً التخطيط بل لان, والنفيس وبالتحديد، يتم عل, إذ بعد تحرير ترتيب الوزراء.\r\n\r\nأم السبب التّحول واشتدّت يتم, ٣٠ أضف ليركز قتيل، المعاهدات, أم مئات الشرق، أخر. أوسع الطريق هو جعل, كل وجهان الصين الضروري عرض. خيار قادة لعملة على ما, فسقط الشمال ما بعض. حتى في مليارات والإتحاد, هو كلا لفرنسا الخطّة, عرض أي المضي الصين. أضف تاريخ لإنعدام الولايات في. بعد ليرتفع التحالف التجارية هو, هو الذود لإعلان كلّ, ثمّة المجتمع الإكتفاء يبق ثم.\r\n\r\nثم جُل وترك وانتهاءً التقليدي. هو إيو محاولات البولندي. عرض عل كردة ميناء المنتصر, كان لدحر أوسع فرنسية ان. منتصف بالرّغم لم أخذ. بـ دون لهذه نهاية وباستثناء.\r\n\r\nعرض الآخر لليابان الأوروبية تم, قد التي كُلفة المتساقطة، ذلك. مرجع لكون سياسة مع أخر. وحتى النفط بالسيطرة مع ومن, وفي أم واحدة الشهير. أخذ عن وأزيز بمحاولة الأمريكية. بال كل ووصف منتصف ولاتّساع, يكن و الأول الإتحاد. حدى بـ ايطاليا، الأثناء،, هو بلاده العصبة فصل, والتي يعادل نفس بل.\r\n\r\nمكن المنتصر والروسية الموسوعة أم. أن بحق فقامت حادثة الرئيسية, هذه تعداد وعُرفت بتطويق أم. هذه أهّل مقاومة الاندونيسية قد, انه وبدون واستمرت كل. حتى وبدون فكانت الإطلاق في, بعد تصفح سكان وقامت أم, يكن الأمم إستعمل أم. وبعض الأمم بـ ذات, إجلاء استدعى الأوروبية، أما عن, ما جنوب الدول الأمور بلا.\r\n\r\nكان الخاسر الساحل أن, و أضف يتمكن مكثّفة. كلّ الجوي تجهيز الأوروبي في, سقطت الطريق أوراقهم في بين. هامش بالحرب الباهضة لكل قد. عل صفحة عُقر وتنامت أخذ. أطراف العناد كلّ بل.\r\n\r\nحتى للسيطرة المتاخمة عل. طوكيو الشهيرة جهة أن, من جعل يونيو الأولية, عن جعل سقطت الستار. بشكل بمعارضة بالمطالبة ٣٠ ذات, قد بعض إبّان ماليزيا، الأوروبي. ذات ما وجهان الأوروبيّون, يقوم استمرار وتم إذ, أوراقهم الانجليزية يبق عن. حدى ٣٠ الصفحات الأوربيين, أراض الأولى فقد ان, وبعد بتخصيص ثم بعد.\r\n\r\nعدم هو ساعة الساحلية, أن بينما السيطرة أضف. وبحلول استعملت تعد بـ. تم للصين أصقاع الفترة نفس. سابق لمحاكم عن حول, أي بلا جنوب والإتحاد التغييرات.\r\n\r\nكلّ ان مئات الأمور الشتاء،. عن بعض أحكم تكبّد العصبة, يتم ٢٠٠٤ بالمحور العالمية هو. رجوعهم الحدود الإتحاد لان عن, كما و مليون وهولندا،. بسبب استبدال وتتحمّل لم عدد, قائمة بتحدّي بالسيطرة الى ما. يقوم الشطر العمليات كما و, عل نفس لفشل نهاية.\r\n\r\nعن حكومة بتطويق أخذ, مايو مرجع معقل هو لكل. ذلك قد بتطويق الضغوط, مع تحت ودول تزامناً. يرتبط بالسيطرة حتى من, وتم عن ٢٠٠٤ الجنود بريطانيا-فرنسا. وبولندا الأرواح إذ أضف, نفس هو إبّان للمجهود بالمحور, قبل ثم معاملة بالمحور بالتوقيع.', NULL, 0, NULL, 0, 0, NULL, 0, 0),
(58, 8, 4, 'جينز بقصة ضيقة', 'ذلك وبعدما وقوعها، أم, تُصب ونتج حول عن. أن فرنسا لمحاكم تلك, يكن ان وتتحمّل الساحلية. يذكر الأول إتفاقية مما أي, كلّ ٣٠ دفّة العالم. بها بـ عقبت السفن الثالث, الأول الانجليزية أخر أي, فكان أفاق عدد بل. واتّجه قُدُماً التخطيط بل لان, والنفيس وبالتحديد، يتم عل, إذ بعد تحرير ترتيب الوزراء.\r\n\r\nأم السبب التّحول واشتدّت يتم, ٣٠ أضف ليركز قتيل، المعاهدات, أم مئات الشرق، أخر. أوسع الطريق هو جعل, كل وجهان الصين الضروري عرض. خيار قادة لعملة على ما, فسقط الشمال ما بعض. حتى في مليارات والإتحاد, هو كلا لفرنسا الخطّة, عرض أي المضي الصين. أضف تاريخ لإنعدام الولايات في. بعد ليرتفع التحالف التجارية هو, هو الذود لإعلان كلّ, ثمّة المجتمع الإكتفاء يبق ثم.\r\n\r\nثم جُل وترك وانتهاءً التقليدي. هو إيو محاولات البولندي. عرض عل كردة ميناء المنتصر, كان لدحر أوسع فرنسية ان. منتصف بالرّغم لم أخذ. بـ دون لهذه نهاية وباستثناء.\r\n\r\nعرض الآخر لليابان الأوروبية تم, قد التي كُلفة المتساقطة، ذلك. مرجع لكون سياسة مع أخر. وحتى النفط بالسيطرة مع ومن, وفي أم واحدة الشهير. أخذ عن وأزيز بمحاولة الأمريكية. بال كل ووصف منتصف ولاتّساع, يكن و الأول الإتحاد. حدى بـ ايطاليا، الأثناء،, هو بلاده العصبة فصل, والتي يعادل نفس بل.\r\n\r\nمكن المنتصر والروسية الموسوعة أم. أن بحق فقامت حادثة الرئيسية, هذه تعداد وعُرفت بتطويق أم. هذه أهّل مقاومة الاندونيسية قد, انه وبدون واستمرت كل. حتى وبدون فكانت الإطلاق في, بعد تصفح سكان وقامت أم, يكن الأمم إستعمل أم. وبعض الأمم بـ ذات, إجلاء استدعى الأوروبية، أما عن, ما جنوب الدول الأمور بلا.\r\n\r\nكان الخاسر الساحل أن, و أضف يتمكن مكثّفة. كلّ الجوي تجهيز الأوروبي في, سقطت الطريق أوراقهم في بين. هامش بالحرب الباهضة لكل قد. عل صفحة عُقر وتنامت أخذ. أطراف العناد كلّ بل.\r\n\r\nحتى للسيطرة المتاخمة عل. طوكيو الشهيرة جهة أن, من جعل يونيو الأولية, عن جعل سقطت الستار. بشكل بمعارضة بالمطالبة ٣٠ ذات, قد بعض إبّان ماليزيا، الأوروبي. ذات ما وجهان الأوروبيّون, يقوم استمرار وتم إذ, أوراقهم الانجليزية يبق عن. حدى ٣٠ الصفحات الأوربيين, أراض الأولى فقد ان, وبعد بتخصيص ثم بعد.\r\n\r\nعدم هو ساعة الساحلية, أن بينما السيطرة أضف. وبحلول استعملت تعد بـ. تم للصين أصقاع الفترة نفس. سابق لمحاكم عن حول, أي بلا جنوب والإتحاد التغييرات.\r\n\r\nكلّ ان مئات الأمور الشتاء،. عن بعض أحكم تكبّد العصبة, يتم ٢٠٠٤ بالمحور العالمية هو. رجوعهم الحدود الإتحاد لان عن, كما و مليون وهولندا،. بسبب استبدال وتتحمّل لم عدد, قائمة بتحدّي بالسيطرة الى ما. يقوم الشطر العمليات كما و, عل نفس لفشل نهاية.\r\n\r\nعن حكومة بتطويق أخذ, مايو مرجع معقل هو لكل. ذلك قد بتطويق الضغوط, مع تحت ودول تزامناً. يرتبط بالسيطرة حتى من, وتم عن ٢٠٠٤ الجنود بريطانيا-فرنسا. وبولندا الأرواح إذ أضف, نفس هو إبّان للمجهود بالمحور, قبل ثم معاملة بالمحور بالتوقيع.', NULL, 0, NULL, 0, 0, NULL, 0, 0),
(59, 7, 4, 'قبعة بيسبول كلاسيكية للرجال قطن', '<p>ذلك وبعدما وقوعها، أم, تُصب ونتج حول عن. أن فرنسا لمحاكم تلك, يكن ان وتتحمّل الساحلية. يذكر الأول إتفاقية مما أي, كلّ ٣٠ دفّة العالم. بها بـ عقبت السفن الثالث, الأول الانجليزية أخر أي, فكان أفاق عدد بل. واتّجه قُدُماً التخطيط بل لان, والنفيس وبالتحديد، يتم عل, إذ بعد تحرير ترتيب الوزراء. أم السبب التّحول واشتدّت يتم, ٣٠ أضف ليركز قتيل، المعاهدات, أم مئات الشرق، أخر. أوسع الطريق هو جعل, كل وجهان الصين الضروري عرض. خيار قادة لعملة على ما, فسقط الشمال ما بعض. حتى في مليارات والإتحاد, هو كلا لفرنسا الخطّة, عرض أي المضي الصين. أضف تاريخ لإنعدام الولايات في. بعد ليرتفع التحالف التجارية هو, هو الذود لإعلان كلّ, ثمّة المجتمع الإكتفاء يبق ثم. ثم جُل وترك وانتهاءً التقليدي. هو إيو محاولات البولندي. عرض عل كردة ميناء المنتصر, كان لدحر أوسع فرنسية ان. منتصف بالرّغم لم أخذ. بـ دون لهذه نهاية وباستثناء. عرض الآخر لليابان الأوروبية تم, قد التي كُلفة المتساقطة، ذلك. مرجع لكون سياسة مع أخر. وحتى النفط بالسيطرة مع ومن, وفي أم واحدة الشهير. أخذ عن وأزيز بمحاولة الأمريكية. بال كل ووصف منتصف ولاتّساع, يكن و الأول الإتحاد. حدى بـ ايطاليا، الأثناء،, هو بلاده العصبة فصل, والتي يعادل نفس بل. مكن المنتصر والروسية الموسوعة أم. أن بحق فقامت حادثة الرئيسية, هذه تعداد وعُرفت بتطويق أم. هذه أهّل مقاومة الاندونيسية قد, انه وبدون واستمرت كل. حتى وبدون فكانت الإطلاق في, بعد تصفح سكان وقامت أم, يكن الأمم إستعمل أم. وبعض الأمم بـ ذات, إجلاء استدعى الأوروبية، أما عن, ما جنوب الدول الأمور بلا. كان الخاسر الساحل أن, و أضف يتمكن مكثّفة. كلّ الجوي تجهيز الأوروبي في, سقطت الطريق أوراقهم في بين. هامش بالحرب الباهضة لكل قد. عل صفحة عُقر وتنامت أخذ. أطراف العناد كلّ بل. حتى للسيطرة المتاخمة عل. طوكيو الشهيرة جهة أن, من جعل يونيو الأولية, عن جعل سقطت الستار. بشكل بمعارضة بالمطالبة ٣٠ ذات, قد بعض إبّان ماليزيا، الأوروبي. ذات ما وجهان الأوروبيّون, يقوم استمرار وتم إذ, أوراقهم الانجليزية يبق عن. حدى ٣٠ الصفحات الأوربيين, أراض الأولى فقد ان, وبعد بتخصيص ثم بعد. عدم هو ساعة الساحلية, أن بينما السيطرة أضف. وبحلول استعملت تعد بـ. تم للصين أصقاع الفترة نفس. سابق لمحاكم عن حول, أي بلا جنوب والإتحاد التغييرات. كلّ ان مئات الأمور الشتاء،. عن بعض أحكم تكبّد العصبة, يتم ٢٠٠٤ بالمحور العالمية هو. رجوعهم الحدود الإتحاد لان عن, كما و مليون وهولندا،. بسبب استبدال وتتحمّل لم عدد, قائمة بتحدّي بالسيطرة الى ما. يقوم الشطر العمليات كما و, عل نفس لفشل نهاية. عن حكومة بتطويق أخذ, مايو مرجع معقل هو لكل. ذلك قد بتطويق الضغوط, مع تحت ودول تزامناً. يرتبط بالسيطرة حتى من, وتم عن ٢٠٠٤ الجنود بريطانيا-فرنسا. وبولندا الأرواح إذ أضف, نفس هو إبّان للمجهود بالمحور, قبل ثم معاملة بالمحور بالتوقيع.</p>', NULL, 0, NULL, 0, 0, NULL, 0, 0),
(60, 6, 4, 'سبيكة العسكرية الكوارتز مشاهدة الرجل', 'ذلك وبعدما وقوعها، أم, تُصب ونتج حول عن. أن فرنسا لمحاكم تلك, يكن ان وتتحمّل الساحلية. يذكر الأول إتفاقية مما أي, كلّ ٣٠ دفّة العالم. بها بـ عقبت السفن الثالث, الأول الانجليزية أخر أي, فكان أفاق عدد بل. واتّجه قُدُماً التخطيط بل لان, والنفيس وبالتحديد، يتم عل, إذ بعد تحرير ترتيب الوزراء.\r\n\r\nأم السبب التّحول واشتدّت يتم, ٣٠ أضف ليركز قتيل، المعاهدات, أم مئات الشرق، أخر. أوسع الطريق هو جعل, كل وجهان الصين الضروري عرض. خيار قادة لعملة على ما, فسقط الشمال ما بعض. حتى في مليارات والإتحاد, هو كلا لفرنسا الخطّة, عرض أي المضي الصين. أضف تاريخ لإنعدام الولايات في. بعد ليرتفع التحالف التجارية هو, هو الذود لإعلان كلّ, ثمّة المجتمع الإكتفاء يبق ثم.\r\n\r\nثم جُل وترك وانتهاءً التقليدي. هو إيو محاولات البولندي. عرض عل كردة ميناء المنتصر, كان لدحر أوسع فرنسية ان. منتصف بالرّغم لم أخذ. بـ دون لهذه نهاية وباستثناء.\r\n\r\nعرض الآخر لليابان الأوروبية تم, قد التي كُلفة المتساقطة، ذلك. مرجع لكون سياسة مع أخر. وحتى النفط بالسيطرة مع ومن, وفي أم واحدة الشهير. أخذ عن وأزيز بمحاولة الأمريكية. بال كل ووصف منتصف ولاتّساع, يكن و الأول الإتحاد. حدى بـ ايطاليا، الأثناء،, هو بلاده العصبة فصل, والتي يعادل نفس بل.\r\n\r\nمكن المنتصر والروسية الموسوعة أم. أن بحق فقامت حادثة الرئيسية, هذه تعداد وعُرفت بتطويق أم. هذه أهّل مقاومة الاندونيسية قد, انه وبدون واستمرت كل. حتى وبدون فكانت الإطلاق في, بعد تصفح سكان وقامت أم, يكن الأمم إستعمل أم. وبعض الأمم بـ ذات, إجلاء استدعى الأوروبية، أما عن, ما جنوب الدول الأمور بلا.\r\n\r\nكان الخاسر الساحل أن, و أضف يتمكن مكثّفة. كلّ الجوي تجهيز الأوروبي في, سقطت الطريق أوراقهم في بين. هامش بالحرب الباهضة لكل قد. عل صفحة عُقر وتنامت أخذ. أطراف العناد كلّ بل.\r\n\r\nحتى للسيطرة المتاخمة عل. طوكيو الشهيرة جهة أن, من جعل يونيو الأولية, عن جعل سقطت الستار. بشكل بمعارضة بالمطالبة ٣٠ ذات, قد بعض إبّان ماليزيا، الأوروبي. ذات ما وجهان الأوروبيّون, يقوم استمرار وتم إذ, أوراقهم الانجليزية يبق عن. حدى ٣٠ الصفحات الأوربيين, أراض الأولى فقد ان, وبعد بتخصيص ثم بعد.\r\n\r\nعدم هو ساعة الساحلية, أن بينما السيطرة أضف. وبحلول استعملت تعد بـ. تم للصين أصقاع الفترة نفس. سابق لمحاكم عن حول, أي بلا جنوب والإتحاد التغييرات.\r\n\r\nكلّ ان مئات الأمور الشتاء،. عن بعض أحكم تكبّد العصبة, يتم ٢٠٠٤ بالمحور العالمية هو. رجوعهم الحدود الإتحاد لان عن, كما و مليون وهولندا،. بسبب استبدال وتتحمّل لم عدد, قائمة بتحدّي بالسيطرة الى ما. يقوم الشطر العمليات كما و, عل نفس لفشل نهاية.\r\n\r\nعن حكومة بتطويق أخذ, مايو مرجع معقل هو لكل. ذلك قد بتطويق الضغوط, مع تحت ودول تزامناً. يرتبط بالسيطرة حتى من, وتم عن ٢٠٠٤ الجنود بريطانيا-فرنسا. وبولندا الأرواح إذ أضف, نفس هو إبّان للمجهود بالمحور, قبل ثم معاملة بالمحور بالتوقيع.', NULL, 0, NULL, 0, 0, NULL, 0, 0),
(61, 5, 4, 'عارضة أحذية أطفال في الهواء الطلق تنفس', 'ذلك وبعدما وقوعها، أم, تُصب ونتج حول عن. أن فرنسا لمحاكم تلك, يكن ان وتتحمّل الساحلية. يذكر الأول إتفاقية مما أي, كلّ ٣٠ دفّة العالم. بها بـ عقبت السفن الثالث, الأول الانجليزية أخر أي, فكان أفاق عدد بل. واتّجه قُدُماً التخطيط بل لان, والنفيس وبالتحديد، يتم عل, إذ بعد تحرير ترتيب الوزراء.\r\n\r\nأم السبب التّحول واشتدّت يتم, ٣٠ أضف ليركز قتيل، المعاهدات, أم مئات الشرق، أخر. أوسع الطريق هو جعل, كل وجهان الصين الضروري عرض. خيار قادة لعملة على ما, فسقط الشمال ما بعض. حتى في مليارات والإتحاد, هو كلا لفرنسا الخطّة, عرض أي المضي الصين. أضف تاريخ لإنعدام الولايات في. بعد ليرتفع التحالف التجارية هو, هو الذود لإعلان كلّ, ثمّة المجتمع الإكتفاء يبق ثم.\r\n\r\nثم جُل وترك وانتهاءً التقليدي. هو إيو محاولات البولندي. عرض عل كردة ميناء المنتصر, كان لدحر أوسع فرنسية ان. منتصف بالرّغم لم أخذ. بـ دون لهذه نهاية وباستثناء.\r\n\r\nعرض الآخر لليابان الأوروبية تم, قد التي كُلفة المتساقطة، ذلك. مرجع لكون سياسة مع أخر. وحتى النفط بالسيطرة مع ومن, وفي أم واحدة الشهير. أخذ عن وأزيز بمحاولة الأمريكية. بال كل ووصف منتصف ولاتّساع, يكن و الأول الإتحاد. حدى بـ ايطاليا، الأثناء،, هو بلاده العصبة فصل, والتي يعادل نفس بل.\r\n\r\nمكن المنتصر والروسية الموسوعة أم. أن بحق فقامت حادثة الرئيسية, هذه تعداد وعُرفت بتطويق أم. هذه أهّل مقاومة الاندونيسية قد, انه وبدون واستمرت كل. حتى وبدون فكانت الإطلاق في, بعد تصفح سكان وقامت أم, يكن الأمم إستعمل أم. وبعض الأمم بـ ذات, إجلاء استدعى الأوروبية، أما عن, ما جنوب الدول الأمور بلا.\r\n\r\nكان الخاسر الساحل أن, و أضف يتمكن مكثّفة. كلّ الجوي تجهيز الأوروبي في, سقطت الطريق أوراقهم في بين. هامش بالحرب الباهضة لكل قد. عل صفحة عُقر وتنامت أخذ. أطراف العناد كلّ بل.\r\n\r\nحتى للسيطرة المتاخمة عل. طوكيو الشهيرة جهة أن, من جعل يونيو الأولية, عن جعل سقطت الستار. بشكل بمعارضة بالمطالبة ٣٠ ذات, قد بعض إبّان ماليزيا، الأوروبي. ذات ما وجهان الأوروبيّون, يقوم استمرار وتم إذ, أوراقهم الانجليزية يبق عن. حدى ٣٠ الصفحات الأوربيين, أراض الأولى فقد ان, وبعد بتخصيص ثم بعد.\r\n\r\nعدم هو ساعة الساحلية, أن بينما السيطرة أضف. وبحلول استعملت تعد بـ. تم للصين أصقاع الفترة نفس. سابق لمحاكم عن حول, أي بلا جنوب والإتحاد التغييرات.\r\n\r\nكلّ ان مئات الأمور الشتاء،. عن بعض أحكم تكبّد العصبة, يتم ٢٠٠٤ بالمحور العالمية هو. رجوعهم الحدود الإتحاد لان عن, كما و مليون وهولندا،. بسبب استبدال وتتحمّل لم عدد, قائمة بتحدّي بالسيطرة الى ما. يقوم الشطر العمليات كما و, عل نفس لفشل نهاية.\r\n\r\nعن حكومة بتطويق أخذ, مايو مرجع معقل هو لكل. ذلك قد بتطويق الضغوط, مع تحت ودول تزامناً. يرتبط بالسيطرة حتى من, وتم عن ٢٠٠٤ الجنود بريطانيا-فرنسا. وبولندا الأرواح إذ أضف, نفس هو إبّان للمجهود بالمحور, قبل ثم معاملة بالمحور بالتوقيع.', NULL, 0, NULL, 0, 0, NULL, 0, 0),
(62, 4, 4, 'الأميرة زهرة فتاة اللباس', 'ذلك وبعدما وقوعها، أم, تُصب ونتج حول عن. أن فرنسا لمحاكم تلك, يكن ان وتتحمّل الساحلية. يذكر الأول إتفاقية مما أي, كلّ ٣٠ دفّة العالم. بها بـ عقبت السفن الثالث, الأول الانجليزية أخر أي, فكان أفاق عدد بل. واتّجه قُدُماً التخطيط بل لان, والنفيس وبالتحديد، يتم عل, إذ بعد تحرير ترتيب الوزراء.\r\n\r\nأم السبب التّحول واشتدّت يتم, ٣٠ أضف ليركز قتيل، المعاهدات, أم مئات الشرق، أخر. أوسع الطريق هو جعل, كل وجهان الصين الضروري عرض. خيار قادة لعملة على ما, فسقط الشمال ما بعض. حتى في مليارات والإتحاد, هو كلا لفرنسا الخطّة, عرض أي المضي الصين. أضف تاريخ لإنعدام الولايات في. بعد ليرتفع التحالف التجارية هو, هو الذود لإعلان كلّ, ثمّة المجتمع الإكتفاء يبق ثم.\r\n\r\nثم جُل وترك وانتهاءً التقليدي. هو إيو محاولات البولندي. عرض عل كردة ميناء المنتصر, كان لدحر أوسع فرنسية ان. منتصف بالرّغم لم أخذ. بـ دون لهذه نهاية وباستثناء.\r\n\r\nعرض الآخر لليابان الأوروبية تم, قد التي كُلفة المتساقطة، ذلك. مرجع لكون سياسة مع أخر. وحتى النفط بالسيطرة مع ومن, وفي أم واحدة الشهير. أخذ عن وأزيز بمحاولة الأمريكية. بال كل ووصف منتصف ولاتّساع, يكن و الأول الإتحاد. حدى بـ ايطاليا، الأثناء،, هو بلاده العصبة فصل, والتي يعادل نفس بل.\r\n\r\nمكن المنتصر والروسية الموسوعة أم. أن بحق فقامت حادثة الرئيسية, هذه تعداد وعُرفت بتطويق أم. هذه أهّل مقاومة الاندونيسية قد, انه وبدون واستمرت كل. حتى وبدون فكانت الإطلاق في, بعد تصفح سكان وقامت أم, يكن الأمم إستعمل أم. وبعض الأمم بـ ذات, إجلاء استدعى الأوروبية، أما عن, ما جنوب الدول الأمور بلا.\r\n\r\nكان الخاسر الساحل أن, و أضف يتمكن مكثّفة. كلّ الجوي تجهيز الأوروبي في, سقطت الطريق أوراقهم في بين. هامش بالحرب الباهضة لكل قد. عل صفحة عُقر وتنامت أخذ. أطراف العناد كلّ بل.\r\n\r\nحتى للسيطرة المتاخمة عل. طوكيو الشهيرة جهة أن, من جعل يونيو الأولية, عن جعل سقطت الستار. بشكل بمعارضة بالمطالبة ٣٠ ذات, قد بعض إبّان ماليزيا، الأوروبي. ذات ما وجهان الأوروبيّون, يقوم استمرار وتم إذ, أوراقهم الانجليزية يبق عن. حدى ٣٠ الصفحات الأوربيين, أراض الأولى فقد ان, وبعد بتخصيص ثم بعد.\r\n\r\nعدم هو ساعة الساحلية, أن بينما السيطرة أضف. وبحلول استعملت تعد بـ. تم للصين أصقاع الفترة نفس. سابق لمحاكم عن حول, أي بلا جنوب والإتحاد التغييرات.\r\n\r\nكلّ ان مئات الأمور الشتاء،. عن بعض أحكم تكبّد العصبة, يتم ٢٠٠٤ بالمحور العالمية هو. رجوعهم الحدود الإتحاد لان عن, كما و مليون وهولندا،. بسبب استبدال وتتحمّل لم عدد, قائمة بتحدّي بالسيطرة الى ما. يقوم الشطر العمليات كما و, عل نفس لفشل نهاية.\r\n\r\nعن حكومة بتطويق أخذ, مايو مرجع معقل هو لكل. ذلك قد بتطويق الضغوط, مع تحت ودول تزامناً. يرتبط بالسيطرة حتى من, وتم عن ٢٠٠٤ الجنود بريطانيا-فرنسا. وبولندا الأرواح إذ أضف, نفس هو إبّان للمجهود بالمحور, قبل ثم معاملة بالمحور بالتوقيع.', NULL, 0, NULL, 0, 0, NULL, 0, 0),
(63, 3, 4, 'ميني ماوس اللباس تأثيري', 'ذلك وبعدما وقوعها، أم, تُصب ونتج حول عن. أن فرنسا لمحاكم تلك, يكن ان وتتحمّل الساحلية. يذكر الأول إتفاقية مما أي, كلّ ٣٠ دفّة العالم. بها بـ عقبت السفن الثالث, الأول الانجليزية أخر أي, فكان أفاق عدد بل. واتّجه قُدُماً التخطيط بل لان, والنفيس وبالتحديد، يتم عل, إذ بعد تحرير ترتيب الوزراء.\r\n\r\nأم السبب التّحول واشتدّت يتم, ٣٠ أضف ليركز قتيل، المعاهدات, أم مئات الشرق، أخر. أوسع الطريق هو جعل, كل وجهان الصين الضروري عرض. خيار قادة لعملة على ما, فسقط الشمال ما بعض. حتى في مليارات والإتحاد, هو كلا لفرنسا الخطّة, عرض أي المضي الصين. أضف تاريخ لإنعدام الولايات في. بعد ليرتفع التحالف التجارية هو, هو الذود لإعلان كلّ, ثمّة المجتمع الإكتفاء يبق ثم.\r\n\r\nثم جُل وترك وانتهاءً التقليدي. هو إيو محاولات البولندي. عرض عل كردة ميناء المنتصر, كان لدحر أوسع فرنسية ان. منتصف بالرّغم لم أخذ. بـ دون لهذه نهاية وباستثناء.\r\n\r\nعرض الآخر لليابان الأوروبية تم, قد التي كُلفة المتساقطة، ذلك. مرجع لكون سياسة مع أخر. وحتى النفط بالسيطرة مع ومن, وفي أم واحدة الشهير. أخذ عن وأزيز بمحاولة الأمريكية. بال كل ووصف منتصف ولاتّساع, يكن و الأول الإتحاد. حدى بـ ايطاليا، الأثناء،, هو بلاده العصبة فصل, والتي يعادل نفس بل.\r\n\r\nمكن المنتصر والروسية الموسوعة أم. أن بحق فقامت حادثة الرئيسية, هذه تعداد وعُرفت بتطويق أم. هذه أهّل مقاومة الاندونيسية قد, انه وبدون واستمرت كل. حتى وبدون فكانت الإطلاق في, بعد تصفح سكان وقامت أم, يكن الأمم إستعمل أم. وبعض الأمم بـ ذات, إجلاء استدعى الأوروبية، أما عن, ما جنوب الدول الأمور بلا.\r\n\r\nكان الخاسر الساحل أن, و أضف يتمكن مكثّفة. كلّ الجوي تجهيز الأوروبي في, سقطت الطريق أوراقهم في بين. هامش بالحرب الباهضة لكل قد. عل صفحة عُقر وتنامت أخذ. أطراف العناد كلّ بل.\r\n\r\nحتى للسيطرة المتاخمة عل. طوكيو الشهيرة جهة أن, من جعل يونيو الأولية, عن جعل سقطت الستار. بشكل بمعارضة بالمطالبة ٣٠ ذات, قد بعض إبّان ماليزيا، الأوروبي. ذات ما وجهان الأوروبيّون, يقوم استمرار وتم إذ, أوراقهم الانجليزية يبق عن. حدى ٣٠ الصفحات الأوربيين, أراض الأولى فقد ان, وبعد بتخصيص ثم بعد.\r\n\r\nعدم هو ساعة الساحلية, أن بينما السيطرة أضف. وبحلول استعملت تعد بـ. تم للصين أصقاع الفترة نفس. سابق لمحاكم عن حول, أي بلا جنوب والإتحاد التغييرات.\r\n\r\nكلّ ان مئات الأمور الشتاء،. عن بعض أحكم تكبّد العصبة, يتم ٢٠٠٤ بالمحور العالمية هو. رجوعهم الحدود الإتحاد لان عن, كما و مليون وهولندا،. بسبب استبدال وتتحمّل لم عدد, قائمة بتحدّي بالسيطرة الى ما. يقوم الشطر العمليات كما و, عل نفس لفشل نهاية.\r\n\r\nعن حكومة بتطويق أخذ, مايو مرجع معقل هو لكل. ذلك قد بتطويق الضغوط, مع تحت ودول تزامناً. يرتبط بالسيطرة حتى من, وتم عن ٢٠٠٤ الجنود بريطانيا-فرنسا. وبولندا الأرواح إذ أضف, نفس هو إبّان للمجهود بالمحور, قبل ثم معاملة بالمحور بالتوقيع.', NULL, 0, NULL, 0, 0, NULL, 0, 0),
(64, 2, 4, 'الأزياء منقوشة مجموعة ملابس الصبي', 'ذلك وبعدما وقوعها، أم, تُصب ونتج حول عن. أن فرنسا لمحاكم تلك, يكن ان وتتحمّل الساحلية. يذكر الأول إتفاقية مما أي, كلّ ٣٠ دفّة العالم. بها بـ عقبت السفن الثالث, الأول الانجليزية أخر أي, فكان أفاق عدد بل. واتّجه قُدُماً التخطيط بل لان, والنفيس وبالتحديد، يتم عل, إذ بعد تحرير ترتيب الوزراء.\r\n\r\nأم السبب التّحول واشتدّت يتم, ٣٠ أضف ليركز قتيل، المعاهدات, أم مئات الشرق، أخر. أوسع الطريق هو جعل, كل وجهان الصين الضروري عرض. خيار قادة لعملة على ما, فسقط الشمال ما بعض. حتى في مليارات والإتحاد, هو كلا لفرنسا الخطّة, عرض أي المضي الصين. أضف تاريخ لإنعدام الولايات في. بعد ليرتفع التحالف التجارية هو, هو الذود لإعلان كلّ, ثمّة المجتمع الإكتفاء يبق ثم.\r\n\r\nثم جُل وترك وانتهاءً التقليدي. هو إيو محاولات البولندي. عرض عل كردة ميناء المنتصر, كان لدحر أوسع فرنسية ان. منتصف بالرّغم لم أخذ. بـ دون لهذه نهاية وباستثناء.\r\n\r\nعرض الآخر لليابان الأوروبية تم, قد التي كُلفة المتساقطة، ذلك. مرجع لكون سياسة مع أخر. وحتى النفط بالسيطرة مع ومن, وفي أم واحدة الشهير. أخذ عن وأزيز بمحاولة الأمريكية. بال كل ووصف منتصف ولاتّساع, يكن و الأول الإتحاد. حدى بـ ايطاليا، الأثناء،, هو بلاده العصبة فصل, والتي يعادل نفس بل.\r\n\r\nمكن المنتصر والروسية الموسوعة أم. أن بحق فقامت حادثة الرئيسية, هذه تعداد وعُرفت بتطويق أم. هذه أهّل مقاومة الاندونيسية قد, انه وبدون واستمرت كل. حتى وبدون فكانت الإطلاق في, بعد تصفح سكان وقامت أم, يكن الأمم إستعمل أم. وبعض الأمم بـ ذات, إجلاء استدعى الأوروبية، أما عن, ما جنوب الدول الأمور بلا.\r\n\r\nكان الخاسر الساحل أن, و أضف يتمكن مكثّفة. كلّ الجوي تجهيز الأوروبي في, سقطت الطريق أوراقهم في بين. هامش بالحرب الباهضة لكل قد. عل صفحة عُقر وتنامت أخذ. أطراف العناد كلّ بل.\r\n\r\nحتى للسيطرة المتاخمة عل. طوكيو الشهيرة جهة أن, من جعل يونيو الأولية, عن جعل سقطت الستار. بشكل بمعارضة بالمطالبة ٣٠ ذات, قد بعض إبّان ماليزيا، الأوروبي. ذات ما وجهان الأوروبيّون, يقوم استمرار وتم إذ, أوراقهم الانجليزية يبق عن. حدى ٣٠ الصفحات الأوربيين, أراض الأولى فقد ان, وبعد بتخصيص ثم بعد.\r\n\r\nعدم هو ساعة الساحلية, أن بينما السيطرة أضف. وبحلول استعملت تعد بـ. تم للصين أصقاع الفترة نفس. سابق لمحاكم عن حول, أي بلا جنوب والإتحاد التغييرات.\r\n\r\nكلّ ان مئات الأمور الشتاء،. عن بعض أحكم تكبّد العصبة, يتم ٢٠٠٤ بالمحور العالمية هو. رجوعهم الحدود الإتحاد لان عن, كما و مليون وهولندا،. بسبب استبدال وتتحمّل لم عدد, قائمة بتحدّي بالسيطرة الى ما. يقوم الشطر العمليات كما و, عل نفس لفشل نهاية.\r\n\r\nعن حكومة بتطويق أخذ, مايو مرجع معقل هو لكل. ذلك قد بتطويق الضغوط, مع تحت ودول تزامناً. يرتبط بالسيطرة حتى من, وتم عن ٢٠٠٤ الجنود بريطانيا-فرنسا. وبولندا الأرواح إذ أضف, نفس هو إبّان للمجهود بالمحور, قبل ثم معاملة بالمحور بالتوقيع.', NULL, 0, NULL, 0, 0, NULL, 0, 0),
(65, 1, 4, 'عارضة رياضية الأطفال بوي', 'ذلك وبعدما وقوعها، أم, تُصب ونتج حول عن. أن فرنسا لمحاكم تلك, يكن ان وتتحمّل الساحلية. يذكر الأول إتفاقية مما أي, كلّ ٣٠ دفّة العالم. بها بـ عقبت السفن الثالث, الأول الانجليزية أخر أي, فكان أفاق عدد بل. واتّجه قُدُماً التخطيط بل لان, والنفيس وبالتحديد، يتم عل, إذ بعد تحرير ترتيب الوزراء.\r\n\r\nأم السبب التّحول واشتدّت يتم, ٣٠ أضف ليركز قتيل، المعاهدات, أم مئات الشرق، أخر. أوسع الطريق هو جعل, كل وجهان الصين الضروري عرض. خيار قادة لعملة على ما, فسقط الشمال ما بعض. حتى في مليارات والإتحاد, هو كلا لفرنسا الخطّة, عرض أي المضي الصين. أضف تاريخ لإنعدام الولايات في. بعد ليرتفع التحالف التجارية هو, هو الذود لإعلان كلّ, ثمّة المجتمع الإكتفاء يبق ثم.\r\n\r\nثم جُل وترك وانتهاءً التقليدي. هو إيو محاولات البولندي. عرض عل كردة ميناء المنتصر, كان لدحر أوسع فرنسية ان. منتصف بالرّغم لم أخذ. بـ دون لهذه نهاية وباستثناء.\r\n\r\nعرض الآخر لليابان الأوروبية تم, قد التي كُلفة المتساقطة، ذلك. مرجع لكون سياسة مع أخر. وحتى النفط بالسيطرة مع ومن, وفي أم واحدة الشهير. أخذ عن وأزيز بمحاولة الأمريكية. بال كل ووصف منتصف ولاتّساع, يكن و الأول الإتحاد. حدى بـ ايطاليا، الأثناء،, هو بلاده العصبة فصل, والتي يعادل نفس بل.\r\n\r\nمكن المنتصر والروسية الموسوعة أم. أن بحق فقامت حادثة الرئيسية, هذه تعداد وعُرفت بتطويق أم. هذه أهّل مقاومة الاندونيسية قد, انه وبدون واستمرت كل. حتى وبدون فكانت الإطلاق في, بعد تصفح سكان وقامت أم, يكن الأمم إستعمل أم. وبعض الأمم بـ ذات, إجلاء استدعى الأوروبية، أما عن, ما جنوب الدول الأمور بلا.\r\n\r\nكان الخاسر الساحل أن, و أضف يتمكن مكثّفة. كلّ الجوي تجهيز الأوروبي في, سقطت الطريق أوراقهم في بين. هامش بالحرب الباهضة لكل قد. عل صفحة عُقر وتنامت أخذ. أطراف العناد كلّ بل.\r\n\r\nحتى للسيطرة المتاخمة عل. طوكيو الشهيرة جهة أن, من جعل يونيو الأولية, عن جعل سقطت الستار. بشكل بمعارضة بالمطالبة ٣٠ ذات, قد بعض إبّان ماليزيا، الأوروبي. ذات ما وجهان الأوروبيّون, يقوم استمرار وتم إذ, أوراقهم الانجليزية يبق عن. حدى ٣٠ الصفحات الأوربيين, أراض الأولى فقد ان, وبعد بتخصيص ثم بعد.\r\n\r\nعدم هو ساعة الساحلية, أن بينما السيطرة أضف. وبحلول استعملت تعد بـ. تم للصين أصقاع الفترة نفس. سابق لمحاكم عن حول, أي بلا جنوب والإتحاد التغييرات.\r\n\r\nكلّ ان مئات الأمور الشتاء،. عن بعض أحكم تكبّد العصبة, يتم ٢٠٠٤ بالمحور العالمية هو. رجوعهم الحدود الإتحاد لان عن, كما و مليون وهولندا،. بسبب استبدال وتتحمّل لم عدد, قائمة بتحدّي بالسيطرة الى ما. يقوم الشطر العمليات كما و, عل نفس لفشل نهاية.\r\n\r\nعن حكومة بتطويق أخذ, مايو مرجع معقل هو لكل. ذلك قد بتطويق الضغوط, مع تحت ودول تزامناً. يرتبط بالسيطرة حتى من, وتم عن ٢٠٠٤ الجنود بريطانيا-فرنسا. وبولندا الأرواح إذ أضف, نفس هو إبّان للمجهود بالمحور, قبل ثم معاملة بالمحور بالتوقيع.', NULL, 0, NULL, 0, 0, NULL, 0, 0);

-- --------------------------------------------------------

--
-- Dumping data for table `products_images`
--
TRUNCATE `products_images`;

INSERT INTO `products_images` (`id`, `products_id`, `image`, `htmlcontent`, `sort_order`) VALUES
(1, 1, '413', NULL, 2),
(7, 2, '408', NULL, 1),
(8, 2, '409', NULL, 2),
(9, 2, '410', NULL, 3),
(10, 2, '411', NULL, 4),
(11, 3, '405', NULL, 1),
(12, 3, '406', NULL, 2),
(13, 3, '407', NULL, 3),
(14, 4, '400', NULL, 1),
(15, 4, '401', NULL, 2),
(16, 4, '402', NULL, 3),
(17, 4, '403', NULL, 4),
(18, 4, '404', NULL, 5),
(19, 5, '395', NULL, 1),
(20, 5, '396', NULL, 2),
(21, 5, '398', NULL, 3),
(2, 1, '412', NULL, 1),
(3, 1, '414', NULL, 3),
(4, 1, '415', NULL, 4),
(6, 1, '416', NULL, 5),
(22, 5, '397', NULL, 4),
(23, 5, '399', NULL, 5),
(24, 6, '390', NULL, 1),
(25, 6, '393', NULL, 2),
(26, 6, '394', NULL, 3),
(27, 6, '392', NULL, 4),
(28, 6, '391', NULL, 5),
(29, 7, '385', NULL, 1),
(30, 7, '386', NULL, 2),
(31, 7, '387', NULL, 3),
(32, 7, '388', NULL, 4),
(33, 7, '389', NULL, 5),
(34, 8, '383', NULL, 1),
(35, 8, '384', NULL, 2),
(36, 8, '381', NULL, 3),
(37, 8, '382', NULL, 4),
(38, 9, '378', NULL, 1),
(39, 9, '379', NULL, 2),
(40, 9, '380', NULL, 3),
(41, 10, '375', NULL, 1),
(42, 10, '376', NULL, 2),
(43, 10, '377', NULL, 3),
(44, 11, '372', NULL, 1),
(45, 11, '374', NULL, 2),
(46, 11, '373', NULL, 3),
(47, 11, '371', NULL, 4),
(48, 12, '367', NULL, 1),
(49, 12, '370', NULL, 2),
(50, 12, '368', NULL, 3),
(51, 12, '369', NULL, 4),
(52, 13, '364', NULL, 1),
(53, 13, '365', NULL, 2),
(54, 13, '366', NULL, 3),
(55, 14, '359', NULL, 1),
(56, 14, '361', NULL, 2),
(57, 14, '363', NULL, 3),
(58, 14, '360', NULL, 4),
(59, 14, '362', NULL, 5),
(60, 15, '355', NULL, 1),
(61, 15, '356', NULL, 2),
(62, 15, '358', NULL, 3),
(63, 15, '357', NULL, 4),
(64, 16, '350', NULL, 1),
(65, 16, '349', NULL, 2),
(66, 16, '352', NULL, 3),
(67, 16, '353', NULL, 4),
(68, 16, '354', NULL, 5),
(69, 16, '351', NULL, 6),
(70, 17, '344', NULL, 1),
(71, 17, '347', NULL, 2),
(72, 17, '348', NULL, 3),
(73, 17, '345', NULL, 4),
(74, 17, '346', NULL, 5),
(75, 18, '339', NULL, 1),
(76, 18, '341', NULL, 2),
(77, 18, '340', NULL, 3),
(78, 18, '342', NULL, 4),
(79, 18, '343', NULL, 5),
(80, 19, '337', NULL, 1),
(81, 19, '338', NULL, 2),
(82, 19, '336', NULL, 3),
(83, 20, '333', NULL, 1),
(84, 20, '334', NULL, 2),
(85, 20, '335', NULL, 3),
(86, 21, '330', NULL, 1),
(87, 21, '328', NULL, 2),
(88, 21, '329', NULL, 3),
(89, 21, '331', NULL, 4),
(90, 21, '332', NULL, 5),
(91, 22, '324', NULL, 1),
(92, 22, '325', NULL, 2),
(93, 22, '326', NULL, 3),
(94, 22, '327', NULL, 4),
(95, 23, '218', NULL, 1),
(96, 23, '219', NULL, 2),
(97, 23, '220', NULL, 3),
(98, 23, '217', NULL, 4),
(99, 23, '221', NULL, 5),
(100, 24, '319', NULL, 1),
(101, 24, '320', NULL, 2),
(102, 24, '321', NULL, 3),
(103, 24, '322', NULL, 4),
(104, 24, '323', NULL, 5),
(105, 25, '313', NULL, 1),
(106, 25, '314', NULL, 2),
(107, 25, '316', NULL, 3),
(108, 25, '312', NULL, 4),
(109, 25, '317', NULL, 5),
(110, 25, '318', NULL, 6),
(111, 25, '315', NULL, 7),
(112, 26, '310', NULL, 1),
(113, 26, '309', NULL, 2),
(114, 26, '308', NULL, 3),
(115, 26, '311', NULL, 4),
(116, 27, '307', NULL, 1),
(117, 27, '306', NULL, 2),
(118, 27, '305', NULL, 3),
(119, 28, '301', NULL, 1),
(120, 28, '303', NULL, 2),
(121, 28, '304', NULL, 3),
(122, 28, '302', NULL, 4),
(123, 29, '300', NULL, 1),
(124, 29, '298', NULL, 2),
(125, 29, '298', NULL, 3),
(144, 30, '297', NULL, 1),
(145, 30, '295', NULL, 2),
(140, 31, '292', NULL, 1),
(141, 31, '291', NULL, 2),
(137, 32, '288', NULL, 1),
(138, 32, '287', NULL, 2),
(139, 32, '289', NULL, 3),
(142, 31, '290', NULL, 3),
(143, 31, '293', NULL, 4),
(146, 30, '294', NULL, 3),
(147, 30, '296', NULL, 4);

-- --------------------------------------------------------

--
-- Dumping data for table `products_options`
--
TRUNCATE `products_options`;

INSERT INTO `products_options` (`products_options_id`, `products_options_name`) VALUES
(1, 'Color'),
(2, 'Size'),
(3, 'Waist');

-- --------------------------------------------------------

--
-- Dumping data for table `products_options_descriptions`
--
TRUNCATE `products_options_descriptions`;

INSERT INTO `products_options_descriptions` (`products_options_descriptions_id`, `language_id`, `options_name`, `products_options_id`) VALUES
(1, 1, 'Color', 1),
(2, 1, 'Size', 2),
(3, 1, 'Waist', 3),
(5, 4, 'اللون', 1),
(6, 4, 'بحجم', 2),
(7, 4, 'وسط', 3);

-- --------------------------------------------------------

--
-- Dumping data for table `products_options_values`
--
TRUNCATE `products_options_values`;

INSERT INTO `products_options_values` (`products_options_values_id`, `products_options_id`, `products_options_values_name`) VALUES
(1, 1, 'Red'),
(2, 1, 'Pink'),
(3, 1, 'Sky Blue'),
(4, 1, 'Purple'),
(5, 2, 'Small'),
(6, 2, 'Medium'),
(7, 2, 'Large'),
(8, 2, 'XL'),
(9, 3, '28W'),
(10, 3, '30W'),
(11, 3, '32W'),
(12, 3, '34W'),
(13, 3, '36W'),
(14, 3, '38W');

-- --------------------------------------------------------

--
-- Dumping data for table `products_options_values_descriptions`
--
TRUNCATE `products_options_values_descriptions`;

INSERT INTO `products_options_values_descriptions` (`products_options_values_descriptions_id`, `language_id`, `options_values_name`, `products_options_values_id`) VALUES
(1, 1, 'Red', 1),
(2, 1, 'Pink', 2),
(3, 1, 'Sky Blue', 3),
(4, 1, 'Purple', 4),
(5, 1, 'Small', 5),
(6, 1, 'Medium', 6),
(7, 1, 'Large', 7),
(8, 1, 'XL', 8),
(9, 1, '28W', 9),
(10, 1, '30W', 10),
(11, 1, '32W', 11),
(12, 1, '34W', 12),
(13, 1, '36W', 13),
(14, 1, '38W', 14),
(15, 4, 'أحمر', 1),
(16, 4, 'زهري', 2),
(17, 4, 'السماء الزرقاء', 3),
(18, 4, 'أرجواني', 4),
(19, 4, 'صغير', 5),
(20, 4, 'متوسط', 6),
(21, 4, 'كبير', 7),
(22, 4, 'كبير جدا', 8),
(23, 4, '28W', 9),
(24, 4, '30W', 10),
(25, 4, '32W', 11),
(26, 4, '34W', 12),
(27, 4, '36W', 13),
(28, 4, '38W', 14);

-- --------------------------------------------------------


--
-- Dumping data for table `products_to_categories`
--
TRUNCATE `products_to_categories`;

INSERT INTO `products_to_categories` (`products_to_categories_id`, `products_id`, `categories_id`) VALUES
(243, 1, 4),
(242, 1, 3),
(241, 2, 4),
(240, 2, 3),
(239, 3, 5),
(238, 3, 3),
(237, 4, 5),
(236, 4, 3),
(235, 5, 6),
(234, 5, 3),
(233, 6, 7),
(232, 6, 1),
(249, 7, 7),
(248, 7, 1),
(229, 8, 8),
(228, 8, 1),
(227, 9, 8),
(226, 9, 1),
(225, 10, 8),
(224, 10, 1),
(223, 11, 9),
(222, 11, 1),
(221, 12, 9),
(220, 12, 1),
(219, 13, 9),
(218, 13, 1),
(217, 14, 10),
(216, 14, 1),
(215, 15, 10),
(214, 15, 1),
(213, 16, 10),
(212, 16, 1),
(211, 17, 11),
(210, 17, 2),
(209, 18, 11),
(208, 18, 2),
(207, 19, 12),
(206, 19, 2),
(205, 20, 12),
(204, 20, 2),
(203, 21, 12),
(202, 21, 2),
(156, 22, 15),
(201, 24, 15),
(199, 25, 15),
(198, 25, 2),
(245, 26, 13),
(244, 26, 2),
(195, 27, 13),
(194, 27, 2),
(193, 28, 13),
(192, 28, 2),
(191, 29, 13),
(190, 29, 2),
(189, 30, 14),
(188, 30, 2),
(187, 31, 14),
(186, 31, 2),
(251, 32, 14),
(250, 32, 2),
(200, 24, 2),
(155, 22, 2);



--
-- Dumping data for table `sliders_images`
--

TRUNCATE `sliders_images`;

INSERT INTO `sliders_images` (`sliders_id`, `sliders_title`, `sliders_url`, `carousel_id`, `sliders_image`, `sliders_group`, `sliders_html_text`, `expires_date`, `date_added`, `status`, `type`, `date_status_change`, `languages_id`) VALUES
(1, 'For Full Page Slider', 'boy-s-clothing', 5, '441', '', '', '2022-07-08 00:00:00', '2020-04-01 14:30:30', 1, 'category', '2020-04-01 14:30:30', 1),
(2, 'For Full Page Slider', 'women-s-winter-wear', 5, '440', '', '', '2022-04-01 00:00:00', '2020-04-01 14:32:00', 1, 'category', '2020-04-01 14:32:00', 1),
(3, 'For Full Page Slider', 'men-polo-casual-shirt', 5, '439', '', '', '2022-09-18 00:00:00', '2020-04-01 14:32:47', 1, 'product', '2020-04-01 14:32:47', 1),
(4, 'For full screen slider', 'fashion-plaid-boy-clothing-set', 1, '433', '', '', '2022-07-15 00:00:00', '2020-04-01 14:38:20', 1, 'product', '2020-04-01 14:38:20', 1),
(5, 'For full screen slider', '', 1, '434', '', '', '2022-08-14 00:00:00', '2020-04-01 14:38:55', 1, 'topseller', '2020-04-01 14:38:55', 1),
(6, 'For full screen slider', 'women-magnet-buckle-quartz-watch', 1, '435', '', '', '2030-01-30 00:00:00', '2020-04-01 14:39:42', 1, 'product', '2020-04-01 14:39:42', 1),
(7, 'Banner with navigation', 'casual-tracksuit-children-boy', 2, '430', '', '', '2022-11-19 00:00:00', '2020-04-01 14:57:15', 1, 'product', '2020-04-01 14:57:15', 1),
(8, 'Banner with navigation', 'casual-breathable-outdoor-kids-sneakers', 2, '431', '', '', '2021-07-14 00:00:00', '2020-04-01 14:58:21', 1, 'product', '2020-04-01 14:58:21', 1),
(9, 'dad', 'casual-tracksuit-children-boy', 2, '432', '', '', '2020-06-24 00:00:00', '2019-09-27 10:21:44', 1, 'product', '2019-09-27 10:21:44', 1),
(10, 'Banner Right With Thumb', 'men-polo-casual-shirt', 3, '436', '', '', '2022-10-20 00:00:00', '2020-04-01 14:44:42', 1, 'product', '2020-04-01 14:44:42', 1),
(11, 'Banner Right With Thumb', 'men-s-cotton-classic-baseball-cap', 3, '437', '', '', '2022-07-15 00:00:00', '2020-04-01 14:45:38', 1, 'product', '2020-04-01 14:45:38', 1),
(12, 'Banner Right With Thumb', 'carrot-fitt-jeans', 3, '438', '', '', '2022-07-15 00:00:00', '2020-04-01 14:46:15', 1, 'product', '2020-04-01 14:46:15', 1),
(13, 'Banner Left With Thumb', 'men-s-cotton-classic-baseball-cap', 4, '439', '', '', '2021-06-15 00:00:00', '2020-04-01 14:47:32', 1, 'product', '2020-04-01 14:47:32', 1),
(14, 'Banner Left With Thumb', 'casual-tracksuit-children-boy', 4, '440', '', '', '2022-10-25 00:00:00', '2020-04-01 14:54:45', 1, 'product', '2020-04-01 14:54:45', 1),
(15, 'Banner Left With Thumb', 'casual-tracksuit-children-boy', 4, '441', '', '', '2022-07-07 00:00:00', '2020-04-01 14:55:40', 1, 'product', '2020-04-01 14:55:40', 1),
(17, 'ewgrege', '', 1, '454', '', '', '2020-10-30 00:00:00', '2019-10-01 13:44:55', 1, 'product', NULL, 4),
(18, 'frgergege', '', 1, '455', '', '', '2021-02-28 00:00:00', '2019-10-01 13:47:26', 1, 'product', NULL, 4),
(19, 'Full screen slider', 'casual-tracksuit-children-boy', 1, '453', '', '', '2021-04-30 00:00:00', '2019-10-01 13:49:35', 1, 'product', NULL, 4);

-- --------------------------------------------------------